terrai_cod,terrai_nom,etnia_nome,municipio_,uf_sigla,superficie,fase_ti,modalidade,reestudo_t,superfic_1,lon,lat
101,Acapuri de Cima,Kokama,Fonte Boa,AM,198850378,Declarada,Tradicionalmente ocupada,,,,
201,Acimã,Apurinã,Lábrea,AM,40686034,Regularizada,Tradicionalmente ocupada,,,,
401,Água Preta/Inari,Apurinã,Pauini,AM,1397636710,Regularizada,Tradicionalmente ocupada,,,,
501,Águas Belas,Pataxó,Prado,BA,11890649,Regularizada,Tradicionalmente ocupada,,,,
601,Aconã,Tingui-Botó,Traipu,AL,2677862,Regularizada,Reserva Indigena,,,,
701,Aldeia Kondá,Kaingang,Chapecó,SC,2300,Encaminhada RI,Reserva Indigena,,,,
801,Aldeia Limão Verde,Guarani Kaiowá,Amambaí,MS,6680796,Regularizada,Tradicionalmente ocupada,,,,
901,Aldeia Velha,Pataxó,Porto Seguro,BA,2001,Declarada,Tradicionalmente ocupada,,,,
1001,Alto Rio Guamá,Tembé e Timbira,"Garrafão do Norte, Nova Esperança do Piriá, Paragominas, Santa Luzia do Pará",PA,0,Regularizada,Tradicionalmente ocupada,,,,
1101,Alto Rio Negro,"Wanana, Karapanã, Baré, Barasána, Arapáso",Japurá e São Gabriel da Cachoeira,AM,79993811700,Regularizada,Tradicionalmente ocupada,,,,
1201,Alto Rio Purus,"Kaxinawá, Kulina Páno","Manoel Urbano, Santa Rosa do Purus",AC,2631298060,Regularizada,Tradicionalmente ocupada,,,,
1301,Alto Sepatini,Miránha,Lábrea,AM,260956979,Regularizada,Tradicionalmente ocupada,,,,
1401,Alto Tarauacá,Isolados,"Feijó, Jordão",AC,1426191070,Regularizada,Tradicionalmente ocupada,,,,
1501,Alto Turiaçu,Ka´apor,"Centro do Guilherme, Zé Doca, Araguanã, Maranhãozinho, Santa Luzia do Paruá, Centro Novo do Maranhão",MA,5305247420,Regularizada,Tradicionalmente ocupada,,,,
1601,Amambai,Guarani Kaiowá,Amambaí,MS,24295454,Regularizada,Tradicionalmente ocupada,,,,
1801,Anambé,Anambé,Moju,PA,78828329,Regularizada,Tradicionalmente ocupada,,,,
1901,Ananás,Makuxí,Amajari,RR,1769422,Regularizada,Tradicionalmente ocupada,,,,
2001,Andirá-Marau,Sateré-Mawé,"Parintins, Aveiro, Maués,Barreirinha, Itaituba",AM/PA,788528383,Regularizada,Tradicionalmente ocupada,,,,
2101,Aningal,Makuxí,Amajari,RR,76270391,Regularizada,Tradicionalmente ocupada,,,,
2201,Anta,Wapixana,Alto Alegre,RR,31738226,Regularizada,Tradicionalmente ocupada,,,,
2301,Apiaka/Kayabi,"Apiaká, Kaiabi",Juara,MT,1092453820,Regularizada,Tradicionalmente ocupada,,,,
2401,Apinayé,Apinayé,"Cachoeirinha, Itaguatins, São Bento do Tocantins, Tocantinopolis",TO,1419042090,Regularizada,Tradicionalmente ocupada,,,,
2501,Apipica,Múra,Careiro da Várzea,AM,6527562,Regularizada,Tradicionalmente ocupada,,,,
2601,Apucarana,Kaingang,Londrina,PR,5574945,Regularizada,Tradicionalmente ocupada,,,,
2701,Apurinã do Igarapé São João,Apurinã,Tapauá,AM,182324221,Regularizada,Tradicionalmente ocupada,,,,
2801,Apurinã Igarapé Tauamirim,Apurinã,Tapauá,AM,964565072,Regularizada,Tradicionalmente ocupada,,,,
2901,Apurinã Km 124 BR-317,Apurinã,"Lábrea, Boca do Acre",AM,421976055,Regularizada,Tradicionalmente ocupada,,,,
3002,Apyterewa,Parakanã,São Félix do Xingu,PA,7734700310,Regularizada,Tradicionalmente ocupada,,,,
3101,Araçá,Wapixana,Amajari,RR,0,Regularizada,Tradicionalmente ocupada,,,,
3201,Arara,Arara do Acre,"Medicilândia, Altamira, Brasil Novo, Uruará",PA,274010024,Regularizada,Tradicionalmente ocupada,,,,
3301,Arara do Rio Branco,Arara do Acre,"Aripuanã, Colniza",MT,1148424750,Regularizada,Tradicionalmente ocupada,,,,
3401,Arara do Igarapé Humaitá,Arara do Acre,"Tarauacá, Porto Walter",AC,875716965,Regularizada,Tradicionalmente ocupada,,,,
3501,Araribá,"Guarani Kaiowa, Terena",Avaí,SP,19303369,Regularizada,Tradicionalmente ocupada,,,,
3601,Arariboia,Guajá,"Buriticupu, Arame, Amarante do Maranhão, Bom jesus das Selvas, Grajau, Santa Luzia",MA,4132880470,Regularizada,Tradicionalmente ocupada,,,,
3701,Arary,Múra,"Borba, Novo Aripuanã",AM,40750,Declarada,Tradicionalmente ocupada,,,,
3801,Araweté Igarapé Ipixuna,Araweté,"Senador José Porfírio, São Felix do Xingu, Altamira",PA,0,Regularizada,Tradicionalmente ocupada,,,,
3901,Areões,Xavante,Água Boa,MT,218515,Regularizada,Tradicionalmente ocupada,,,,
4201,Aripuanã,Cinta Larga,"Juína, Aripuanã",MT,750649265,Regularizada,Tradicionalmente ocupada,,,,
4301,Ariramba,Mura,Manicore,AM,103575323,Regularizada,Tradicionalmente ocupada,,,,
4401,Arroio-Korá,Guarani Kaiowá,Paranhos,MS,71757747,Homologada,Tradicionalmente ocupada,,,,
4501,Atikum,Atikum,"Salgueiro, Belém de São Francisco, Carnaubeira da Penha, Mirandiba",PE,162901893,Regularizada,Tradicionalmente ocupada,,,,
4602,Avá-Canoeiro,Ava-Canoeiro,"Colinas do Sul, Minaçu",GO,38000,Declarada,Tradicionalmente ocupada,,,,
4701,Avá-Guarani do Ocoí,Guarani Kaiowá,São Miguel do Iguaçu,PR,231887,Regularizada,Reserva Indigena,,,,
4801,Awa,Guajá,"São João do Carú, Governador Newton Bello, Centro Novo do Maranhão, Ze Doca",MA,1165829180,Regularizada,Tradicionalmente ocupada,,,,
4901,Bacurizinho,Guajajara,Grajau,MA,824324931,Regularizada,Tradicionalmente ocupada,,X,,
4902,Bacurizinho,Guajajara,Grajau,MA,134040,Declarada,Tradicionalmente ocupada,Reestudo,,,
5001,Badjonkore,Kayapó,"São Félix do Xingu, Cumaru do Norte",PA,2219816370,Regularizada,Tradicionalmente ocupada,,,,
5101,Baia do Guató,Guató,"Poconé, Barão de Melgaço",MT,19164,Declarada,Tradicionalmente ocupada,,,,
5201,Bakairi,Bakairí,"Paranatinga, Planalto da Serra",MT,614054605,Regularizada,Tradicionalmente ocupada,,,,
5301,Balaio,"Desána, Tariana, Tukano",São Gabriel da Cachoeira,AM,2572814600,Regularizada,Tradicionalmente ocupada,,,,
5402,Banawá,Banawa,"Lábrea, Camutama, Tapauá",AM,1926596670,Declarada,Tradicionalmente ocupada,,,,
5501,Barão de Antonina,Kaingang,São Jerônimo da Serra,PR,3750722,Regularizada,Tradicionalmente ocupada,,,,
5601,Barata Livramento,"Wapixana, Makuxi",Alto Alegre,RR,128832701,Regularizada,Tradicionalmente ocupada,,,,
5701,Barra,"Atikum, Kiriri",Muquém de São Francisco,BA,62,Regularizada,Tradicionalmente ocupada,,,,
5801,Barra Velha,Pataxó,Porto Seguro,BA,8627459,Regularizada,Tradicionalmente ocupada,,X,,
5802,Barra Velha do Monte Pascoal,Pataxó,Porto Seguro,BA,52748,Delimitada,Tradicionalmente ocupada,Reestudo,,,
5901,Barreira da Missão,"Kambéba, Kokama",Tefé,AM,17724237,Homologada,Tradicionalmente ocupada,,,,
6001,Batovi,Wauja,Gaúcha do Norte,MT,51589817,Regularizada,Tradicionalmente ocupada,,,,
6101,Baú,Kayapó,Altamira,PA,15409301600,Regularizada,Tradicionalmente ocupada,,,,
6201,Betania,Tikúna,"Santo Antônio do Içá, Tonantins, Amatura",AM,1227690270,Regularizada,Tradicionalmente ocupada,,,,
6301,Boa Vista Sertão do Promirim,Guarani,Ubatuba,SP,9063886,Regularizada,Tradicionalmente ocupada,,X,,
6302,Boa Vista Sertão do Promirim,Guaraní,Ubatuba,SP,5420,Delimitada,Tradicionalmente ocupada,Reestudo,,,
6401,Boca do Acre,Apurinã,"Boca do Acre, Lábrea",AM,262404231,Regularizada,Tradicionalmente ocupada,,,,
6501,Bom Intento,Tikúna,Benjamin Constant,AM,1613043,Regularizada,Tradicionalmente ocupada,,,,
6601,Bom Jesus,Makuxí,Bonfim,RR,8591271,Regularizada,Tradicionalmente ocupada,,,,
6701,Boqueirão,"Makuxí, Wapixana",Alto Alegre,RR,163540776,Regularizada,Tradicionalmente ocupada,,,,
6901,Brejo do Burgo,Pankararé,"Rodelas, Gloria, Paulo Afonso",BA,179248496,Regularizada,Tradicionalmente ocupada,,,,
7001,Buriti,Terena,"Dois Irmãos do Buriti, Sidrolandia",MS,20901691,Regularizada,Tradicionalmente ocupada,,X,,
7002,Buriti,Terena,"Dois Irmãos do Buriti, Sidrolandia",MS,17200,Declarada,Tradicionalmente ocupada,Reestudo,,,
7101,Buritizinho,Guarani Kaiowá,Sidrolândia,MS,97428,Regularizada,Tradicionalmente ocupada,,,,
7201,Caarapó,Guarani Kaiowá,Caarapó,MS,35944154,Regularizada,Tradicionalmente ocupada,,,,
7301,Cabeceira do Rio Acre,Yaminawa,"Assis Brasil, Sena Madureira",AC,785125834,Regularizada,Tradicionalmente ocupada,,,,
7401,Cacau do Tarauaca,Kulina Páno,Envira,AM,283672948,Regularizada,Tradicionalmente ocupada,,,,
7501,Cachoeira dos Inácios,Guarani Mbya,Imaruí,SC,80,Regularizada,Reserva Indigena,,,,
7601,Cachoeira Seca,Arara do Acre,"Altamira, Placas, Uruará",PA,7336882510,Declarada,Tradicionalmente ocupada,,,,
7701,Cachoeirinha,Terena,Miranda,MS,26581634,Regularizada,Tradicionalmente ocupada,,X,,
7702,Cachoeirinha,Terena,Miranda,MS,36288,Declarada,Tradicionalmente ocupada,Reestudo,,,
7801,Cacique Doble,"Kaingang, Guarani","Cacique Doble, São Jose do Ouro",RS,44262833,Regularizada,Tradicionalmente ocupada,,,,
7901,Caiçara/Ilha de São Pedro,Xocó,Porto da Folha,SE,43167768,Regularizada,Tradicionalmente ocupada,,,,
8001,Caieiras Velha,Guarani e Tupiniquim,Aracruz,ES,29972533,Regularizada,Tradicionalmente ocupada,,X,,
8003,Tupiniquim,Tupinambá,"Buerarema, Ilhéus, Una",ES,142827968,Homologada,Tradicionalmente ocupada,Reestudo,,,
8101,Caititu,Apurinã,Lábrea,AM,3080626160,Regularizada,Tradicionalmente ocupada,,,,
8201,Cajueiro,Makuxí,Amajari,RR,43038482,Regularizada,Tradicionalmente ocupada,,,,
8301,Cajuhiri Atravessado,"Tikúna, Kambeba, Miranha",Coari,AM,12500,Declarada,Tradicionalmente ocupada,,,,
8401,Camadeni,Jamamadí,Pauini,AM,1509305550,Regularizada,Tradicionalmente ocupada,,,,
8501,Camicua,Apurinã,Boca do Acre,AM,585195999,Regularizada,Tradicionalmente ocupada,,,,
8601,Campinas/Katukina,Katukina,Cruzeiro do Sul,AC,326236443,Regularizada,Tradicionalmente ocupada,,,,
8701,Cana Brava/Guajajara,Tenetehara,"Grajaú, Barra do Corda,Jenipapo dos Vieiras",MA,1373295430,Regularizada,Tradicionalmente ocupada,,,,
8801,Canauanim,"Wapixana, Makuxi",Cantá,RR,111824372,Regularizada,Tradicionalmente ocupada,,,,
8901,Cantagalo,Guarani Mbya,"Viamão, Porto Alegre",RS,2836761,Homologada,Tradicionalmente ocupada,,,,
9101,Capivari,Guarani Mbya,Palmares do Sul,RS,433215,Regularizada,Tradicionalmente ocupada,,,,
9201,Capoto/Jarina,Kayapó,"Santa Cruz do Xingú, São Jose do Xingu, Paixoto Azevedo",MT,6349152260,Regularizada,Tradicionalmente ocupada,,,,
9301,Caramuru/Paraguassu,Pataxo Há-Há-Há,"Camacan, Itaju da Colonia, Pau Brasil",BA,54105,Encaminhada RI,Reserva Indigena,,,,
9401,Carretão I,Tapuia,"Nova América, Rubiataba",GO,16664512,Regularizada,Tradicionalmente ocupada,,,,
9501,Carretão II,Tapuia,Nova América,GO,775043,Regularizada,Tradicionalmente ocupada,,,,
9601,Carreteiro,Kaingang,Água Santa,RS,6029751,Regularizada,Tradicionalmente ocupada,,,,
9701,Caru,Tenetehara,Bom Jardim,MA,1726673780,Regularizada,Tradicionalmente ocupada,,,,
9801,Catipari/Mamoria,Apurinã,Pauini,AM,1150443510,Regularizada,Tradicionalmente ocupada,,,,
9901,Cerrito,Guarani Nhandeva,Eldorado,MS,19509806,Regularizada,Tradicionalmente ocupada,,,,
10001,Chão Preto,Xavante,Campinápolis,MT,127418456,Regularizada,Tradicionalmente ocupada,,,,
10101,Coata-Laranjal,Mundurukú,Borba,AM,11532101100,Regularizada,Tradicionalmente ocupada,,,,
10201,Comboios,"Guarani, Tupiniquim",Aracruz,ES,29836511,Regularizada,Tradicionalmente ocupada,,X,,
10301,Coroa Vermelha,Pataxó,"Porto Seguro, Santa Cruz Cabralia",BA,0,Regularizada,Tradicionalmente ocupada,,,,
10401,Córrego João Pereira,Tremembé,"Acarau, Itarema",CE,31623901,Regularizada,Tradicionalmente ocupada,,,,
10601,Cuia,Múra,Autazes,AM,13223875,Regularizada,Tradicionalmente ocupada,,,,
10701,Cuiu-Cuiu,Miránha,Maraã,AM,364509765,Regularizada,Tradicionalmente ocupada,,,,
10801,Cunhã-Sapucaia,Múra,"Autazes, Borba",AM,4714505390,Regularizada,Tradicionalmente ocupada,,,,
10901,Deni,Dení,"Lábrea, Pauini, Tapaua, Itamarati",AM,1531303500,Regularizada,Tradicionalmente ocupada,,,,
11001,Diahui,Diahói,Humaitá,AM,47354603,Regularizada,Tradicionalmente ocupada,,,,
11101,Dourados,"Guarani Nhandeva, Guarani Kaiowá, Terena","Dourados, Itaporã",MS,34745957,Regularizada,Tradicionalmente ocupada,,,,
11201,Enawenê-Nawê,Enawenê-Nawê,"Comodoro,Juina, Sapezal",MT,7420886780,Regularizada,Tradicionalmente ocupada,,,,
11301,Entre Serras,Pankararú,"Tacaratu, Jatoba, Petrolandia",PE,75500875,Regularizada,Tradicionalmente ocupada,,,,
11401,Erikpatsá,Rikbaktsa,Brasnorte,MT,79934801,Regularizada,Tradicionalmente ocupada,,,,
11501,Escondido,Rikbaktsa,Cotriguaçu,MT,168938468,Regularizada,Tradicionalmente ocupada,,,,
11601,Espírito Santo,Kokama,Jutaí,AM,338490871,Regularizada,Tradicionalmente ocupada,,,,
11801,Estação Parecis,Paresí,Diamantino,MT,2170,Delimitada,Tradicionalmente ocupada,,,,
11901,Estivadinho,Paresí,Tangará da Serra,MT,20319414,Regularizada,Tradicionalmente ocupada,,,,
12001,Estrela da Paz,Tikúna,Jutaí,AM,128764893,Regularizada,Tradicionalmente ocupada,,,,
12101,Évare I,Tikúna,"São Paulo de Olivença, Santo Antonio do Iça, Tabatinga",AM,5481775960,Regularizada,Tradicionalmente ocupada,,,,
12201,Évare II,Tikúna,São Paulo de Olivença,AM,1762057180,Regularizada,Tradicionalmente ocupada,,,,
12301,Faxinal,Kaingang,Cândido de Abreu,PR,20438948,Homologada,Tradicionalmente ocupada,,,,
12401,Fazenda Bahiana,Pataxó,Camamu,BA,0,Regularizada,Tradicionalmente ocupada,,,,
12501,Fazenda Canto,Xucuru - Kariri,Palmeira dos Índios,AL,2765494,Regularizada,Reserva Indigena,,,,
12601,Tuxá de Inajá,Tuxá,Inajá,PE,140,Regularizada,Reserva Indigena,,,,
12701,Fazenda Guarani,"Pataxó, Krenak","Senhora do Porto, Carmesia",MG,32697126,Regularizada,Tradicionalmente ocupada,,,,
12801,Figueiras,Paresí,"Barra do Bugres, Tangara da Serra",MT,98589291,Regularizada,Tradicionalmente ocupada,,,,
12901,Fortaleza do Castanho,Múra,Manaquiri,AM,27561622,Regularizada,Tradicionalmente ocupada,,,,
13001,Fortaleza do Patauá,Apurinã,Manacapuru,AM,7435829,Regularizada,Tradicionalmente ocupada,,,,
13101,Fulni-ô,Fulni-ô,"Águas Belas, Itaiba",PE,11505,Regularizada,Reserva Indigena,,,,
13201,Funil,Xerente,Tocantínia,TO,157037974,Regularizada,Tradicionalmente ocupada,,,,
13301,Galibi,Galibi do Oiapoque,Oiapoque,AP,66891928,Regularizada,Tradicionalmente ocupada,,,,
13401,Gavião,Múra,Careiro da Várzea,AM,86118548,Regularizada,Tradicionalmente ocupada,,,,
13501,Geralda Toco Preto,Timbira,"Arame, Itaipava do Grajaú",MA,185062081,Regularizada,Tradicionalmente ocupada,,,,
13601,Governador,"Gavião Pukobiê, Tenetehara",Amarante do Maranhão,MA,416437567,Regularizada,Tradicionalmente ocupada,,,,
13701,Guaimbé,Guarani Kaiowá,Laguna Carapã,MS,7169316,Regularizada,Tradicionalmente ocupada,,,,
13801,Guajahã,Apurinã,Pauini,AM,50368446,Regularizada,Tradicionalmente ocupada,,,,
14001,Guarani Araponga,Guaraní,Parati,RJ,2132033,Regularizada,Tradicionalmente ocupada,,,,
14101,Guarani Barra do Ouro,Guaraní,"Maquiné, Riozinho, Caraa",RS,22686045,Regularizada,Tradicionalmente ocupada,,,,
14201,Guarani da Barragem,Guarani Kaiowa,São Paulo,SP,0,Regularizada,Tradicionalmente ocupada,,X,,
14301,Guarani de Águas Brancas,Guaraní,Arambaré,RS,230,Declarada,Tradicionalmente ocupada,,,,
14401,Guarani de Bracui,Guaraní,Angra dos Reis,RJ,21278664,Regularizada,Tradicionalmente ocupada,,,,
14501,Guarani do Aguapeu,Guaraní,Mongaguá,SP,43722599,Regularizada,Tradicionalmente ocupada,,,,
14601,Guarani de Araçai,Guaraní,"Cunha Porã, Saudades",SC,2721,Declarada,Tradicionalmente ocupada,,,,
14701,Guarani Votouro,Guaraní,Benjamin Constant do Sul,RS,717377,Regularizada,Tradicionalmente ocupada,,,,
14801,Guarita,"Kaingang, Guarani","Erval Seco, Redentora, Tenete Portela",RS,234068684,Regularizada,Tradicionalmente ocupada,,,,
14901,Guasuti,Guarani Kaiowá,Aral Moreira,MS,9587993,Regularizada,Tradicionalmente ocupada,,,,
15001,Guató,Guató,Corumbá,MS,109847941,Regularizada,Tradicionalmente ocupada,,,,
15101,Guyraroká,Guarani Kaiowá,Caarapó,MS,11440,Declarada,Tradicionalmente ocupada,,,,
15201,Hi Merimã,Himarimã,"Lábrea, Tapaua",AM,6778403200,Regularizada,Tradicionalmente ocupada,,,,
15301,Ibirama,"Xokléng, Kaingang, Guarani","Doutor Pedrinho, Jose Boiteux, Vitor Meireles, Itaitipolis, Rio Negrinho",SC,14084886,Regularizada,Tradicionalmente ocupada,,X,,
15302,Ibirama La Klanô,"Xokléng, Kaingang, Guarani","Doutor Pedrinho, Jose Boiteux, Vitor Meireles, Itaitipolis, Rio Negrinho",SC,37108,Declarada,Tradicionalmente ocupada,Reestudo,,,
15401,Ibotirama,Tuxá,Ibotirama,BA,20197079,Regularizada,Reserva Indigena,,,,
15501,Icatu,"Terena, Kaingang",Braúna,SP,3009625,Regularizada,Tradicionalmente ocupada,,,,
15601,Igarapé Capana,Jamamadí,Boca do Acre,AM,1225556650,Regularizada,Tradicionalmente ocupada,,,,
15701,Igarapé do Caucho,Kaxinawá,"Feijó, Tarauaca",AC,123178938,Regularizada,Tradicionalmente ocupada,,,,
15801,Igarapé Grande,Kambéba,Alvarães,AM,15396777,Regularizada,Tradicionalmente ocupada,,,,
16101,Igarapé Lage,Pakaa Nova,"Guajará-Mirim , Nova Mamore",RO,1073211790,Regularizada,Tradicionalmente ocupada,,,,
16201,Igarapé Lourdes,Gavião de Rondônia,Ji-Paraná,RO,1855335770,Regularizada,Tradicionalmente ocupada,,,,
16301,Igarapé Ribeirão,Pakaa Nova,Nova Mamoré,RO,478633178,Regularizada,Tradicionalmente ocupada,,,,
16501,Ilha da Cotinga,Guaraní,Paranaguá,PR,1701202,Regularizada,Tradicionalmente ocupada,,,,
16601,Ilha do  Camaleão,Tikuna,Ananã,AM,0,Regularizada,Tradicionalmente ocupada,,,,
16803,Imbiriba,Pataxó,Porto Seguro,BA,4083384,Regularizada,Tradicionalmente ocupada,,,,
16901,Inauini/Teuini,Jamamadí,"Boca do Acre, Pauini",AM,0,Regularizada,Tradicionalmente ocupada,,,,
17001,Inawebohona,"Javaé, Karaja","Pium, Lagoa da Confusão",TO,3771135740,Regularizada,Tradicionalmente ocupada,,,,
17101,Inhacorá,Kaingang,São Valério do Sul,RS,28433796,Regularizada,Tradicionalmente ocupada,,,,
17201,Ipixuna,Diahói,Humaitá,AM,215362,Regularizada,Tradicionalmente ocupada,,,,
17301,Irantxe,Irantxe,Brasnorte,MT,0,Regularizada,Tradicionalmente ocupada,,X,,
17302,Manoki,"Makuxi, Wapixana",Bonfim,MT,2505398290,Declarada,Tradicionalmente ocupada,Reestudo,,,
17401,Irapuá,Guaraní,Caçapava do Sul,RS,222,Delimitada,Tradicionalmente ocupada,,,,
17501,Itaitinga,Múra,Autazes,AM,1358842,Regularizada,Tradicionalmente ocupada,,,,
17601,Itaóca,Guarani Mbya,Mongaguá,SP,533,Declarada,Tradicionalmente ocupada,,,,
17701,Ivai,Kaingang,"Pitanga , Manoel Ribas",PR,73063478,Regularizada,Tradicionalmente ocupada,,,,
17801,Jabuti,"Wapixana, Makuxi",Bonfim,RR,142106996,Regularizada,Tradicionalmente ocupada,,,,
17901,Jacamim,"Jaricuna, Wapixana","Caracaraí , Bonfim",RR,1934935690,Regularizada,Tradicionalmente ocupada,,,,
18001,Jacaré de São Domingos,Potiguara,"Rio Tinto, Marcação",PB,50322431,Regularizada,Tradicionalmente ocupada,,,,
18101,Jaguapiré,Guarani Kaiowá,Tacuru,MS,23420155,Regularizada,Tradicionalmente ocupada,,,,
18201,Jaguari,Guarani Kaiowá,Amambaí,MS,4047055,Regularizada,Tradicionalmente ocupada,,,,
18301,Jaminaua/Envira,Kulina Madijá,Feijó,AC,806181798,Regularizada,Tradicionalmente ocupada,,,,
18401,Jaminawa Arara do Rio Bagé,"Arara do Acre, Yaminawa","Jordão, Marechgal Thaumaturgo",AC,289261102,Regularizada,Tradicionalmente ocupada,,,,
18501,Jaminawa do Igarapé Preto,Yaminawa,Rodrigues Alves,AC,256516167,Regularizada,Tradicionalmente ocupada,,,,
18601,Japuira,Rikbaktsa,Juara,MT,0,Regularizada,Tradicionalmente ocupada,,,,
18701,Jaquiri,Kambéba,Uarini,AM,18199825,Regularizada,Tradicionalmente ocupada,,,,
18801,Jaraguá,Guarani,"São Paulo, Osasco",SP,17566,Regularizada,Tradicionalmente ocupada,,,,
18802,Jaraguá,Guaraní,"São Paulo, Osasco",SP,532,Delimitada,Tradicionalmente ocupada,Reestudo,,,
18901,Jarara,Guarani Kaiowá,Juti,MS,4790728,Homologada,Tradicionalmente ocupada,,,,
19001,Jarawara/Jamamadi/Kanamati,"Yaminawa, Jamamadi, Kanamari","Lábrea, Tapaua",AM,3902330540,Regularizada,Tradicionalmente ocupada,,,,
19101,Jarudore,Boróro,Poxoréo,MT,4706,Regularizada,Tradicionalmente ocupada,,,,
19201,Jatuarana,Apurinã,Manacapuru,AM,52517956,Regularizada,Tradicionalmente ocupada,,,,
19301,Jauary,Múra,Autazes,AM,24831,Delimitada,Tradicionalmente ocupada,,,,
19402,Geripancó,Jeripancó,Água Branca,AL,200,Regularizada,Tradicionalmente ocupada,,,,
19501,Juininha,Paresí,Conquista d´Oeste,MT,705375203,Regularizada,Tradicionalmente ocupada,,,,
19601,Juma,Juma,Canutama,AM,383511496,Regularizada,Tradicionalmente ocupada,,,,
19701,Jumina,"Karipuna, Galibi do Oiapoque",Oiapoque,AP,416012713,Regularizada,Tradicionalmente ocupada,,,,
20001,Kadiwéu,"Kadiwéu, Terena, Kiinknau",Porto Murtinho,MS,5385357800,Regularizada,Tradicionalmente ocupada,,,,
20101,Kaingang de Iraí,Kaingang,Iraí,RS,2797956,Regularizada,Tradicionalmente ocupada,,,,
20201,Kambiwá,Kambiwá,"Ibimirim, Inaja, Floresta",PE,314953123,Regularizada,Tradicionalmente ocupada,,,,
20301,Kampa do Igarapé Primavera,Ashaninka,Tarauacá,AC,219872303,Regularizada,Tradicionalmente ocupada,,,,
20401,Kampa do Rio Amonea,Ashaninka,Marechal Thaumaturgo,AC,0,Regularizada,Tradicionalmente ocupada,,,,
20501,Kampa e Isolados do Rio Envira,Ashaninka,"Feijó, Jordão",AC,2327950380,Regularizada,Tradicionalmente ocupada,,,,
20601,Kanamari do Rio Juruá,Kanamarí,"Eirunepé, Itamarati, Pauini",AM,0,Regularizada,Tradicionalmente ocupada,,,,
20701,Kanela,Kanela,"Barra do Corda, Fernando Falcão",MA,1252121630,Regularizada,Tradicionalmente ocupada,,,,
20702,Kanela Memortumré,Kanela,"Barra do Corda, Fernando Falcão",MA,100221,Delimitada,Tradicionalmente ocupada,Reestudo,,,
20801,Kantaruré,Kantaruré,Glória,BA,1811867,Regularizada,Tradicionalmente ocupada,,,,
20901,Kapinawá,Kapinawá,Buíque,PE,124030917,Regularizada,Tradicionalmente ocupada,,,,
21001,Karajá de Aruanã I,Karajá,Aruanã,GO,142569,Regularizada,Tradicionalmente ocupada,,,,
21101,Karajá de Aruanã II,Karajá,Cocalinho,MT,8932687,Regularizada,Tradicionalmente ocupada,,,,
21201,Karajá de Aruanã III,Karajá,Aruanã,GO,7051748,Regularizada,Tradicionalmente ocupada,,,,
21301,Karajá Santana do Araguaia,Karajá,Santa Maria das Barreiras,PA,14856063,Regularizada,Tradicionalmente ocupada,,,,
21401,Karapotó,Karapotó,São Sebastião,AL,12425168,Regularizada,Reserva Indigena,,,,
21501,Kararaô,Kayapó,Altamira,PA,3308375420,Regularizada,Tradicionalmente ocupada,,,,
21601,Karipuna,Karipuna,"Nova Mamoré , Porto Velho",RO,1529298600,Regularizada,Tradicionalmente ocupada,,,,
21701,Kariri-Xocó,Kariri - Xocó,"São Brás, Porto Real do Colegio",AL,699358,Regularizada,Tradicionalmente ocupada,,X,,
21702,Kariri-Xocó,Kariri - Xocó,"São Brás, Porto Real do Colegio",AL,46948823,Declarada,Tradicionalmente ocupada,Reestudo,,,
21801,Karitiana,Karitiana,Porto Velho,RO,89682138,Regularizada,Tradicionalmente ocupada,,,,
21901,Katukina/Kaxinawá,"Kaxinawá, Katukina",Feijó,AC,234740358,Regularizada,Tradicionalmente ocupada,,,,
22001,Kaxarari,Kaxarari,"Porto Velho, Labrea",AM/RO,1458899850,Regularizada,Tradicionalmente ocupada,,,,
22101,Kaxinawá Ashaninka do Rio Breu,"Ashaninka, Kaxinawa","Marechal Thaumaturgo, Jordão",AC,312778622,Regularizada,Tradicionalmente ocupada,,,,
22201,Kaxinawá Colônia Vinte e Sete,Kaxinawá,Tarauacá,AC,1051664,Regularizada,Tradicionalmente ocupada,,,,
22301,Kaxinawá da Praia do Carapanã,Kaxinawá,Tarauacá,AC,606987189,Regularizada,Tradicionalmente ocupada,,,,
22401,Kaxinawá do Baixo Rio Jordão,Kaxinawá,Jordão,AC,87264952,Regularizada,Tradicionalmente ocupada,,,,
22501,Kaxinawá do Rio Humaitá,Kaxinawá,Feijó,AC,1273835570,Regularizada,Tradicionalmente ocupada,,,,
22601,Kaxinawá do Rio Jordão,Kaxinawá,Jordão,AC,872937981,Regularizada,Tradicionalmente ocupada,,,,
22701,Kaxinawá Nova Olinda,Kaxinawá,Feijó,AC,275333987,Regularizada,Tradicionalmente ocupada,,,,
22801,Kaxinawá Seringal Independência,Kaxinawá,Jordão,AC,11584127,Regularizada,Dominial Indígena,,,,
22901,Cayabi,"Kaiabi, Munduruku e Apiaka",Jacareacanga,PA,1172465650,Regularizada,Tradicionalmente ocupada,,X,,
22902,Kayabi,Kaiabi,Oriximiná,MT/PA,10532576800,Regularizada,Tradicionalmente ocupada,Reestudo,,,
23001,Kayapó,Kayapó,"Cumaru do Norte, Bannach, Ourilandia do Norte, São Felix do Xingu",PA,32840049700,Regularizada,Tradicionalmente ocupada,,,,
23101,Kiriri,Kiriri,"Ribeira do Pombal, Banzae, Quilingue, Tucano",BA,122998736,Regularizada,Tradicionalmente ocupada,,,,
23201,Koatinemo,Asurini do Xingu,"Altamira, Senador Jose Porfirio",PA,3878342500,Regularizada,Tradicionalmente ocupada,,,,
23301,Kraolandia,Krahô,Itacajá Goiantins,TO,3025333970,Regularizada,Tradicionalmente ocupada,,,,
23401,Krenak,Krenák,Resplendor,MG,40398241,Regularizada,Tradicionalmente ocupada,,,,
23501,Krikati,Krikati,"Amarante do Maranhão, Lajeado Novo, Montes Altos, Sitio Novo",MA,1447757870,Regularizada,Tradicionalmente ocupada,,,,
23601,Krukutu,Guarani,São Paulo,SP,0,Regularizada,Tradicionalmente ocupada,,X,,
23602,Tenonde Porã,"Mongaguá, São Bernardo do Campo, São Paulo, São Vicente",Guarani,SP,15969,Delimitada,Tradicionalmente ocupada,Reestudo,,,
23701,Kulina do Medio Jurua,Kulina Páno,"Eirunepé, Tarauaca, Ipixuna, Envira",AC/AM,7301429970,Regularizada,Tradicionalmente ocupada,,,,
23801,Kulina do Rio Envira,"Kaxinawá, Kulina Pano",Feijó,AC,843646082,Regularizada,Tradicionalmente ocupada,,,,
23901,Kulina Igarapé do Pau,Kulina Páno,Feijó,AC,45590937,Regularizada,Tradicionalmente ocupada,,,,
24001,Kumaru do Lago Ualá,Kulina Páno,Jaruá,AM,800358819,Regularizada,Tradicionalmente ocupada,,,,
24101,Kwazá do Rio São Pedro,"Kwazá, Aikanã",Parecis,RO,167998763,Regularizada,Tradicionalmente ocupada,,,,
24201,Lago Aiapua,Múra,"Anori, Beruri",AM,248660856,Regularizada,Tradicionalmente ocupada,,,,
24301,Lago Capanã,Múra,Manicoré,AM,63215954,Regularizada,Tradicionalmente ocupada,,,,
24401,Lago do Beruri,Tikúna,Beruri,AM,4080369,Regularizada,Tradicionalmente ocupada,,,,
24501,Lago do Limão,Múra,Borba,AM,8199,Delimitada,Tradicionalmente ocupada,,,,
24701,Lago Jauari,Múra,Manicoré,AM,120230844,Regularizada,Tradicionalmente ocupada,,,,
24801,Lagoa Comprida,Tenetehara,"Itaipava do Grajaú, Jenipapo dos Vieiras",MA,131982651,Regularizada,Tradicionalmente ocupada,,,,
24901,Lagoa  Encantada,Kanindé,Aquiraz,CE,1731,Delimitada,Tradicionalmente ocupada,,,,
25001,Lagoa dos Brincos,Negarotê,Comodoro,MT,1845058,Regularizada,Tradicionalmente ocupada,,,,
25101,Lalima,"Terena, Kinikinau",Miranda,MS,30002101,Regularizada,Tradicionalmente ocupada,,,,
25301,Laranjinha,"Guaraní, Kaingang","Abatiá, Santa Amelia",PR,2842412,Regularizada,Tradicionalmente ocupada,,,,
25401,Lauro Sodré,Tikúna,Benjamin Constant,AM,94786216,Regularizada,Tradicionalmente ocupada,,,,
25501,Ligeiro,Kaingang,Charrua,RS,45657973,Regularizada,Tradicionalmente ocupada,,,,
25601,Jatayvari,Guarani Kaiowá,Ponta Porã,MS,8800,Declarada,Tradicionalmente ocupada,,,,
25701,Limão Verde,Terena,Aquidauana,MS,53772754,Regularizada,Tradicionalmente ocupada,,,,
25901,Macarrão,Tikúna,Jutaí,AM,442679081,Regularizada,Tradicionalmente ocupada,,,,
26001,Mãe Maria,Gavião Parkatejê,Bom Jesus do Tocantins,PA,624884516,Regularizada,Tradicionalmente ocupada,,,,
26101,Malacacheta,Wapixana,Cantá,RR,286318258,Regularizada,Tradicionalmente ocupada,,,,
26201,Mamoadate,"Yaminawa, Machineri","Sena Madureira, Asss Brasil",AC,3136468660,Regularizada,Tradicionalmente ocupada,,,,
26301,Mangueira,Makuxí,Alto Alegre,RR,4063741,Regularizada,Tradicionalmente ocupada,,,,
26401,Mangueirinha,"Guaraní, Kaingang","Chopinzinho, Coronel Vivida, Mangueirinha",PR,0,Regularizada,Tradicionalmente ocupada,,,,
26501,Manoa/Pium,"Makuxí, Wapixana",Bonfim,RR,433367308,Regularizada,Tradicionalmente ocupada,,,,
26601,Mapari,Kaixana,"Japurá, Tonantins, Fonte Boa",AM,157416,Declarada,Tradicionalmente ocupada,,,,
26701,Maraã Urubaxi,"Makú, Kanamari","Santa Isabel do Rio Negro, Maraã",AM,944050733,Regularizada,Tradicionalmente ocupada,,,,
26801,Maraitá,Tikúna,Amaturá,AM,530380644,Regularizada,Tradicionalmente ocupada,,,,
26901,Maraiwatsede,Xavante,"Alto Boa Vista, Bom Jesus do Araguaia, São Félix do Araguaia",MT,1652412290,Regularizada,Tradicionalmente ocupada,,,,
27001,Marajai,Matsés,Alvarães,AM,11963486,Regularizada,Tradicionalmente ocupada,,,,
27101,Maranduba,Karajá,"Araguacema, Santa Maria das Barreiras",PA/TO,3751538,Regularizada,Tradicionalmente ocupada,,,,
27201,Marechal Rondon,Xavante,Paranatinga,MT,98500,Regularizada,Tradicionalmente ocupada,,,,
27401,Lago do Marinheiro,Múra,Careiro,AM,35862907,Regularizada,Tradicionalmente ocupada,,,,
27501,Marrecas,Kaingang,"Guarapuava, Turvo",PR,168385694,Regularizada,Dominial Indígena,,,,
27601,Massacara,Kaimbé,Euclides da Cunha,BA,80200802,Regularizada,Tradicionalmente ocupada,,,,
27701,Massaco,Isolados,"Alta Floresta D'Oeste, São Francisco do Guaporé",RO,4218950770,Regularizada,Tradicionalmente ocupada,,,,
27901,Mata da Cafurna,Xucuru - Kariri,Palmeira dos Índios,AL,1176007,Regularizada,Dominial Indígena,,,,
28001,Mata Medonha,Pataxó,Santa Cruz Cabrália,BA,5496226,Regularizada,Tradicionalmente ocupada,,,,
28101,Matintin,Tikúna,"Santo Antônio do Içá , Tonantins",AM,217607012,Regularizada,Tradicionalmente ocupada,,,,
28201,Mawetek,Kanamarí,"Jutaí, Eurinepe",AM,115492878,Regularizada,Tradicionalmente ocupada,,,,
28301,Maxacali,Maxakali,"Santa Helena de Minas, Bertopolis",MG,53056719,Regularizada,Tradicionalmente ocupada,,,,
28401,Mbiguaçu,"Guarani Mbya, Guarani Nhandeva",Biguaçu,SC,591982,Regularizada,Tradicionalmente ocupada,,,,
28501,Médio Rio Negro I,"Tariana, Bare, Tukano, Baniwa, Maku,","Santa Isabel do Rio Negro, São Gabriel da Cachoeira, Japura",AM,17761390000,Regularizada,Tradicionalmente ocupada,,,,
28601,Médio Rio Negro II,"Desána, Maku, Tukano, Baniwá, Bare, Tariana","Santa Isabel do Rio Negro, São Gabriel da Cachoeira",AM,316194989,Regularizada,Tradicionalmente ocupada,,,,
28701,Menkragnoti,Kayapó,"Altamira, Matupa, Peixoto Azevedo, São Félix do Xingu",MT/PA,49142548200,Regularizada,Tradicionalmente ocupada,,,,
28801,Menkü,Myky,Brasnorte,MT,470948647,Regularizada,Tradicionalmente ocupada,,,,
28802,Menkü,Myky,Brasnorte,MT,1463987470,Delimitada,Tradicionalmente ocupada,Reestudo,,,
28901,Meria,Miránha,Alvarães,AM,5854932,Regularizada,Tradicionalmente ocupada,,,,
29001,Merure,Boróro,"General Carneiro , Barra do Garças",MT,823011363,Regularizada,Tradicionalmente ocupada,,,,
29101,Miguel/Josefa,Múra,Autazes,AM,16288091,Regularizada,Tradicionalmente ocupada,,,,
29201,Miratu,Miránha,Uarini,AM,13198788,Regularizada,Tradicionalmente ocupada,,,,
29301,Monte Caseros,Kaingang,"Ibiraiaras, Muliterno",RS,11124105,Regularizada,Tradicionalmente ocupada,,,,
29401,Morro Alto,Guarani Mbya,São Francisco do Sul,SC,893,Declarada,Tradicionalmente ocupada,,,,
29501,Morro Branco,Tenetehara,Grajaú,MA,489804,Regularizada,Tradicionalmente ocupada,,,,
29601,Morro dos Cavalos,Guaraní,Palhoça,SC,19834901,Declarada,Tradicionalmente ocupada,,,,
29701,Moskow,Wapixana,Bonfim,RR,142129983,Regularizada,Tradicionalmente ocupada,,,,
29801,Munduruku,Mundurukú,Jacareacanga,PA,23817957800,Regularizada,Tradicionalmente ocupada,,,,
30001,Muriru,Wapixana,"Bonfim , Canta",RR,55559436,Regularizada,Tradicionalmente ocupada,,,,
30101,Murutinga/Tracaja,Múra,Autazes,AM,13286,Delimitada,Tradicionalmente ocupada,,,,
30201,Nambikwara,Nambikwára,Comodoro,MT,10119614900,Regularizada,Tradicionalmente ocupada,,,,
30301,Ñande Ru Marangatu,Guarani Kaiowá,Antônio João,MS,9317216,Homologada,Tradicionalmente ocupada,,,,
30401,Natal/Felicidade,Múra,Autazes,AM,3133411,Regularizada,Tradicionalmente ocupada,,,,
30501,Nhamundá/Mapuera,"Hixkaryána, Wai-Wai,","Oriximiná, Faro, Urucara, Nhamunda",AM/PA,10495200000,Regularizada,Tradicionalmente ocupada,,,,
30601,Nioaque,Terena,Nioaque,MS,30293529,Regularizada,Tradicionalmente ocupada,,,,
30701,Nonoai,"Kaingang, Guarani","Rio dos Índios, Nonoai, Planalto, Gramado dos Loureiros",RS,19830,Declarada,Tradicionalmente ocupada,,,,
30801,Nonoai/Rio da Várzea,Kaingang,"Trindade do Sul, Nonoai, Liberato Salzano, Planalto, Gramado dos Loureiros",RS,164154443,Regularizada,Tradicionalmente ocupada,,,,
30901,Nossa Senhora de Fátima,Terena,Miranda,MS,88888,Regularizada,Reserva Indigena,,,,
31001,Nova Esperança do Rio Jandiatuba,Tikúna,"Amaturá, São Paulo de Olivença",AM,20003928,Regularizada,Tradicionalmente ocupada,,,,
31101,Nova Jacundá,Guarani Mbya,Rondon do Pará,PA,1969043,Regularizada,Dominial Indígena,,,,
31201,Nove de Janeiro,Diahói,Humaitá,AM,2287771000,Regularizada,Tradicionalmente ocupada,,,,
31301,Nukini,Nukiní,Mâncio Lima,AC,272635212,Regularizada,Tradicionalmente ocupada,,,,
31401,Ofayé-Xavante,Ofayé,Brasilândia,MS,1937625,Declarada,Tradicionalmente ocupada,,,,
31402,Ofayé-Xavante,Ofayé,Brasilândia,MS,484,Regularizada,Reserva Indigena,Reestudo,,,
31501,Ouro,Makuxí,Boa Vista,RR,13572,Regularizada,Tradicionalmente ocupada,,,,
31601,Pacaas Novas,Pakaa Nova,Guajará-Mirim,RO,2799063830,Regularizada,Tradicionalmente ocupada,,,,
31701,Pacheca,Guaraní,Camaquã,RS,1852205,Regularizada,Tradicionalmente ocupada,,,,
31901,Padre,Mura,Autazes,AM,797511,Regularizada,Tradicionalmente ocupada,,,,
32002,Palmas,Kaingang,"Abelardo Luz, Palmas",PR/SC,38008794,Regularizada,Tradicionalmente ocupada,,,,
32101,Panambizinho,Guarani Kaiowá,Dourados,MS,12728035,Regularizada,Tradicionalmente ocupada,,,,
32201,Panará,Panará,"Altamira, Matupa, Guarantã do Norte",MT/PA,499740005,Regularizada,Tradicionalmente ocupada,,,,
32301,Pankararé,Pankararé,"Glória, Paulo Afonso, Rodelas",BA,295973322,Regularizada,Tradicionalmente ocupada,,,,
32401,Pankararu,Pankararú,"Jabora, Petrolandiia, Tacaratu",PE,83772819,Regularizada,Tradicionalmente ocupada,,,,
32601,Paquiçamba,Yudjá,Vitória do Xingu,PA,43842668,Regularizada,Tradicionalmente ocupada,,X,,
32602,Paquiçamba,Yudjá,Vitória do Xingu,PA,15733,Delimitada,Tradicionalmente ocupada,Reestudo,,,
32701,Parabubure,Xavante,"Água Boa, Campinapolis, Nova Xavantina",MT,2244473370,Regularizada,Tradicionalmente ocupada,,,,
32801,Paracuhuba,Múra,Autazes,AM,9275376,Regularizada,Tradicionalmente ocupada,,,,
32901,Parakanã,Parakanã,"Itupiranga, Novo Repartimento",PA,0,Regularizada,Tradicionalmente ocupada,,,,
33001,Paraná do Arauató,Múra,Itacoatiara,AM,5915445,Regularizada,Tradicionalmente ocupada,,,,
33101,Parana do Boa Boa,Makú,"Japurá, Santa Isabel do Rio Negro",AM,2405458480,Regularizada,Tradicionalmente ocupada,,,,
33201,Parana do Paricá,Kanamarí,Maraã,AM,0,Regularizada,Tradicionalmente ocupada,,,,
33301,Parati-Mirim,Guaraní,Parati,RJ,791997,Regularizada,Tradicionalmente ocupada,,,,
33401,Paresi,Paresí,Tangará da Serra,MT,5635865350,Regularizada,Tradicionalmente ocupada,,,,
33501,Parque do Araguaia,"Ava-Canoeiro, Javaé, Karajá e
Tapirapé","Formoso do Araguaia, Lagoa da Confusão e pium",TO,13584994800,Regularizada,Tradicionalmente ocupada,,,,
33601,Parque do Aripuanã,Cinta Larga,"Juína , Vilhena",MT/RO,16032459800,Regularizada,Tradicionalmente ocupada,,,,
33701,Parque do Tumucumaque,"Wayana, Apalai","Almeirim, Oriximina, Laranjal do Jari, Obidos, Alenquer",AP/PA,30710678800,Regularizada,Tradicionalmente ocupada,,,,
33801,Parque do Xingu,"Kisêdjê, Kayapo,","Nova Ubiratã, Canarana, Feliz Natal, Gaucha do Norte, Marcelandia, Paranatinga",MT,26420039400,Regularizada,Tradicionalmente ocupada,,,,
33901,Patauá,Múra,Autazes,AM,615885,Regularizada,Tradicionalmente ocupada,,,,
34001,Pau Brasil,"Guarani, Tupiniquim",Aracruz,ES,1579,Regularizada,Tradicionalmente ocupada,,X,,
34101,Paukalirajausu,Nambikwára,"Nova Lacerda, Vila Bela da Santissima Trindade",MT,8400,Delimitada,Tradicionalmente ocupada,,,,
34201,Paumari do Cuniua,Paumarí,Tapauá,AM,428280481,Regularizada,Tradicionalmente ocupada,,,,
34302,Paumari do Lago Manissuã,Paumari,Tapaua,AM,229700651,Regularizada,Tradicionalmente ocupada,,,,
34401,Paumari do Lago Marahã,Apurinã,Lábrea,AM,1187668860,Regularizada,Tradicionalmente ocupada,,,,
34501,Paumari do Lago Paricá,Paumarí,Tapauá,AM,15792112,Regularizada,Tradicionalmente ocupada,,,,
34601,Paumari do Rio Ituxi,Paumarí,Lábrea,AM,7572412,Regularizada,Tradicionalmente ocupada,,,,
34701,Peneri/Tacaquiri,Apurinã,Pauini,AM,1898709640,Regularizada,Tradicionalmente ocupada,,,,
34801,Pequizal,Nambikwára,Nova Lacerda,MT,98868211,Regularizada,Tradicionalmente ocupada,,,,
34901,Perigara,Boróro,Barão de Melgaço,MT,107404115,Regularizada,Tradicionalmente ocupada,,,,
35001,Peruíbe,Guaraní,Peruíbe,SP,4804737,Regularizada,Tradicionalmente ocupada,,,,
35101,Piaçaguera,Guarani Nhandeva,Peruíbe,SP,2795,Declarada,Tradicionalmente ocupada,,,,
35201,Pilad Rebuá,Terena,Miranda,MS,2083702,Regularizada,Tradicionalmente ocupada,,,,
35301,Pimentel Barbosa,Xavante,"Canarana, Ribeirão Cascalheira",MT,328966444,Regularizada,Tradicionalmente ocupada,,,,
35401,Pinatuba,Múra,Manicoré,AM,295649382,Regularizada,Tradicionalmente ocupada,,,,
35501,Pinhal,Kaingang,Seara,SC,8800761,Regularizada,Tradicionalmente ocupada,,X,,
35502,Toldo Pinhal,Kaingang,Abelardo Luz,SC,4846,Declarada,Tradicionalmente ocupada,Reestudo,,,
35601,Pinhalzinho,Guaraní,Tomazina,PR,593372,Regularizada,Reserva Indigena,,,,
35701,Pirahã,"Pirahã, Mura",Humaitá,AM,3469105670,Regularizada,Tradicionalmente ocupada,,,,
35801,Pirai,Guarani Mbya,Araquari,SC,3017,Declarada,Tradicionalmente ocupada,,,,
35901,Pirajuí,Guarani Nhandeva,Paranhos,MS,21182325,Regularizada,Tradicionalmente ocupada,,,,
36001,Pirakua,Guarani Kaiowá,"Bela Vista, Ponta Porã",MS,23840554,Regularizada,Tradicionalmente ocupada,,,,
36101,Pirineus de Souza,Nambikwára,Comodoro,MT,282122716,Regularizada,Tradicionalmente ocupada,,,,
36201,Pitaguary,Pitaguari,"Maracanaú, Pacatuba",CE,17278686,Declarada,Tradicionalmente ocupada,,,,
36301,Pium,Wapixana,Alto Alegre,RR,46076137,Regularizada,Tradicionalmente ocupada,,,,
36401,Ponta da Serra,Makuxi,Boa Vista,RR,15597,Regularizada,Tradicionalmente ocupada,,,,
36501,Ponte de Pedra,Paresí,"Campo Novo do Parecis, Diamantino, Nova Maringa",MT,17000,Declarada,Tradicionalmente ocupada,,,,
36601,Porquinhos,Kanela,"Barra do Corda, Fernando Falcão",MA,79520,Regularizada,Tradicionalmente ocupada,,X,,
36602,Porquinhos dos Kanela Apãnjekra,Kanela,"Barra do Corda, Fernando Falcão",MA,301000,Declarada,Tradicionalmente ocupada,Reestudo,,,
36701,Porto Lindo,Guarani Nhandeva,Japorã,MS,16488899,Regularizada,Tradicionalmente ocupada,,X,,
36702,Yvy-Katu,Ñhandeva,Paranhos,MS,94941636,Delimitada,Tradicionalmente ocupada,Reestudo,,,
36801,Porto Praia,Tikúna,Uarini,AM,47698617,Regularizada,Tradicionalmente ocupada,,,,
36901,Potiguara,Potiguara,"Rio Tinto, Marcação, Baia da Traição",PB,212384898,Regularizada,Tradicionalmente ocupada,,,,
37001,Potiguara de Monte-Mor,Potiguara,"Rio Tinto, Marcação",PB,75305969,Declarada,Tradicionalmente ocupada,,,,
37101,Potrero Guaçu,Guarani Nhandeva,Paranhos,MS,4025,Declarada,Tradicionalmente ocupada,,,,
37201,Poyanawa,Poyanáwa,Mâncio Lima,AC,244990885,Regularizada,Tradicionalmente ocupada,,,,
37301,Praia do Índio,Mundurukú,Itaituba,PA,315019,Encaminhada RI,Reserva Indigena,,,,
37401,Praia do Mangue,Mundurukú,Itaituba,PA,318449,Encaminhada RI,Reserva Indigena,,,,
37701,Raimundão,"Makuxí, Wapixana",Alto Alegre,RR,42768088,Regularizada,Tradicionalmente ocupada,,,,
37801,Rancho Jacaré,Guarani Kaiowá,Laguna Carapã,MS,7775349,Regularizada,Tradicionalmente ocupada,,,,
37901,Raposa Serra do Sol,"Wapixana, Ingariko, Makuxi, Taulipang","Normandia, Pacaraima, Uiramutã",RR,17474647800,Regularizada,Tradicionalmente ocupada,,,,
38001,Recreio/São Félix,Múra,Autazes,AM,251051,Regularizada,Tradicionalmente ocupada,,,,
38102,Ribeirão Silveira,"Bertioga, Salesópolis, São Sebastião",Guarani,SP,84689333,Declarada,Tradicionalmente ocupada,Reestudo,,,
38201,Rio Apaporis,"Makú, Tukano, Desana, Tuyuca",Japurá,AM,1069603380,Regularizada,Tradicionalmente ocupada,,,,
38301,Rio Areia,Guaraní,Inácio Martins,PR,13523784,Regularizada,Tradicionalmente ocupada,,,,
38501,Rio Biá,Katukina,"Jutaí, Carauari",AM,0,Regularizada,Tradicionalmente ocupada,,,,
38601,Rio Branco,"Tupaiu, Makurap","Alta Floresta D`Oeste,São Miguel D'Oeste, São Francisco do Guapore",RO,0,Regularizada,Tradicionalmente ocupada,,,,
38701,Rio Branco Itanhaém,Guaraní,"Itanhaém, São Vicente, São Paulo",SP,0,Regularizada,Tradicionalmente ocupada,,,,
38902,Kuruáya,Kuruáya,Altamira,PA,1667842500,Regularizada,Tradicionalmente ocupada,,,,
39001,Rio das Cobras,"Kaingang, Guarani","Espigão Alto do Iguaçu, Nova Laranjeiras",PR,186819806,Regularizada,Tradicionalmente ocupada,,,,
39101,Rio dos Índios,Kaingang,Vicente Dutra,RS,7117018,Declarada,Tradicionalmente ocupada,,,,
39201,Rio dos Pardos,Xokléng,Porto União,SC,7582614,Regularizada,Tradicionalmente ocupada,,,,
39301,Rio Formoso,Paresí,Tangará da Serra,MT,197494741,Regularizada,Tradicionalmente ocupada,,,,
39401,Rio Gregório,"Katukina, Yawanawa",Tarauacá,AC,92859749,Regularizada,Tradicionalmente ocupada,,X,,
39402,Rio Gregório,"Katukina, Yawanawa",Tarauacá,AC,1871252160,Declarada,Tradicionalmente ocupada,Reestudo,,,
39501,Rio Guaporé,Makuráp,Guajará-Mirim,RO,1157880840,Regularizada,Tradicionalmente ocupada,,,,
39601,Rio Jumas,Múra,Careiro,AM,94626983,Regularizada,Tradicionalmente ocupada,,,,
39701,Rio Manicoré,Múra,Manicoré,AM,19481,Regularizada,Tradicionalmente ocupada,,,,
39801,Rio Mequens,Sakurabiat,Alto Alegre dos Parecis,RO,1075530100,Regularizada,Tradicionalmente ocupada,,,,
40001,Rio Negro Ocaia,Pakaa Nova,Guajará-Mirim,RO,104063,Regularizada,Tradicionalmente ocupada,,X,,
40002,Rio Negro Ocaia,Pakaa Nova,Guajará-Mirim,RO,235070,Declarada,Tradicionalmente ocupada,Reestudo,,,
40101,Rio Omerê,"Kanoé, Akuntsu",Chupinguaia,RO,261771864,Homologada,Tradicionalmente ocupada,,,,
40201,Rio Paru DEste,"Apalaí, Wayana","Alenquer, Almerim, Monte Alegre",PA,11957857900,Regularizada,Tradicionalmente ocupada,,,,
40301,Rio Pindaré,Tenetehara,"Bom Jardim, Monção",MA,150029142,Regularizada,Tradicionalmente ocupada,,,,
40401,Rio Téa,"Baré, Desana, Piratapuya, Tukano, Maku,",São Gabriel da Cachoeira,AM,4118653210,Regularizada,Tradicionalmente ocupada,,,,
40501,Rio Urubu,Múra,Itacoatiara,AM,273549118,Regularizada,Tradicionalmente ocupada,,,,
40601,Rodeador,Tenetehara,Barra do Corda,MA,23194531,Regularizada,Dominial Indígena,,,,
40701,Roosevelt,Cinta Larga,"Espigão D`Oeste , Rondolandia, Pimenta Bueno",MT/RO,2308263010,Regularizada,Tradicionalmente ocupada,,,,
40801,Sagarana,Pakaa Nova,Guajará-Mirim,RO,181200636,Regularizada,Tradicionalmente ocupada,,,,
40901,Sai-Cinza,Mundurukú,Jacareacanga,PA,0,Regularizada,Tradicionalmente ocupada,,,,
41001,Salto Grande do Jacuí,Guaraní,Salto do Jacuí,RS,2349641,Regularizada,Tradicionalmente ocupada,,,,
41101,Sangradouro/Volta Grande,"Xavante, Bororo","Novo São Joaquim, General Carneiro, Poxoreu",MT,1002803970,Regularizada,Tradicionalmente ocupada,,,,
41201,Santa Inez,Makuxí,Amajari,RR,296980449,Regularizada,Tradicionalmente ocupada,,,,
41301,Santana,Bakairí,Nobres,MT,354707543,Regularizada,Tradicionalmente ocupada,,,,
41501,São Francisco do Canimari,Tikúna,Amaturá,AM,33312208,Regularizada,Tradicionalmente ocupada,,,,
41601,São Jeronimo,"Kaingang, Guarani, Xeta",São Jerônimo da Serra,PR,13393364,Regularizada,Tradicionalmente ocupada,,,,
41701,São Leopoldo,Tikúna,Benjamin Constant,AM,692705409,Regularizada,Tradicionalmente ocupada,,,,
41801,São Pedro,Múra,Autazes,AM,7261805,Regularizada,Tradicionalmente ocupada,,,,
41901,São Pedro do Sepatini,Apurinã,Lábrea,AM,276442488,Regularizada,Tradicionalmente ocupada,,,,
42001,São Sebastião,"Kaixana, Kokama",Tonantins,AM,610585408,Regularizada,Tradicionalmente ocupada,,,,
42101,Sararé,Nambikwára,"Conquista d´Oeste, Nova Lacerda, Vila Bela da Santissima Trindade",MT,674195158,Regularizada,Tradicionalmente ocupada,,,,
42201,Sassoró,Guarani Kaiowá,Tacuru,MS,19226435,Regularizada,Tradicionalmente ocupada,,,,
42301,Sepoti,Tenharim,"Manicoré, Humaita",AM,2513489840,Regularizada,Tradicionalmente ocupada,,,,
42401,Serra da Moça,Wapixana,Boa Vista,RR,116267912,Regularizada,Tradicionalmente ocupada,,,,
42501,Serra do Itatins,Guaraní,Itariri,SP,0,Regularizada,Tradicionalmente ocupada,,,,
42601,Serra Morena,Cinta Larga,Juína,MT,1478361460,Regularizada,Tradicionalmente ocupada,,,,
42701,Serrinha,Kaingang,"Ronda Alta, Tres Palmeiras, Engenho Velho, Constantina",RS,117527578,Declarada,Tradicionalmente ocupada,,,,
42801,Seruini/Mariene,Apurinã,"Pauini, Labrea",AM,1449713670,Regularizada,Tradicionalmente ocupada,,,,
42901,Sete Cerros,"Guarani Nhandeva, Guarani Kaiowa",Paranhos,MS,85847213,Homologada,Tradicionalmente ocupada,,,,
43001,Sete de Setembro,Suruí de Rondônia,"Cacoal, Espigão D'Oeste, Rondolandia",MT/RO,2481469290,Regularizada,Tradicionalmente ocupada,,,,
43101,Setemã,Múra,"Borba, Novo Aripuanã",AM,49430,Declarada,Tradicionalmente ocupada,,,,
43201,Sororó,Suruí do Pará,"Marabá, São Domingos do Araguaia, São Geraldo do Araguaia",PA,26257,Regularizada,Tradicionalmente ocupada,,,,
43301,Sucuba,Makuxí,Alto Alegre,RR,5983,Regularizada,Tradicionalmente ocupada,,,,
43401,Sucuriy,Guarani Kaiowá,Maracaju,MS,5351047,Regularizada,Tradicionalmente ocupada,,,,
43501,Tabalascada,Wapixana,Cantá,RR,130147374,Regularizada,Tradicionalmente ocupada,,,,
43601,Tabocal,Múra,Careiro,AM,9061516,Declarada,Tradicionalmente ocupada,,,,
43701,Tadarimana,Boróro,Rondonópolis,MT,9785,Regularizada,Tradicionalmente ocupada,,,,
43801,Taihantesu,Wasusu,Nova Lacerda,MT,53623344,Regularizada,Tradicionalmente ocupada,,,,
43901,Takuaraty/Yvykuarusu,Guarani Kaiowá,Paranhos,MS,2609094,Homologada,Tradicionalmente ocupada,,,,
44001,Tapirapé/Karajá,"Tapirapé, Karaja","Luciára , Santa Terezinha",MT,66166,Regularizada,Tradicionalmente ocupada,,,,
44101,Taquaperi,Guarani Kaiowá,Coronel Sapucaia,MS,17769594,Regularizada,Tradicionalmente ocupada,,,,
44201,Taquara,Guarani Kaiowá,Juti,MS,9700,Declarada,Tradicionalmente ocupada,,,,
44301,Pindoty,Guarani Mbya,"Araquari, Balneário Barra do Sul",SC,3294,Declarada,Tradicionalmente ocupada,,,,
44401,Taunay/Ipegue,Terena,Aquidauana,MS,64613459,Regularizada,Tradicionalmente ocupada,,X,,
44402,Taunay/Ipegue,Terena,Aquidauana,MS,33900,Delimitada,Tradicionalmente ocupada,Reestudo,,,
44501,Tekohá Añetete,Guaraní,Diamante D`Oeste,PR,17747063,Regularizada,Reserva Indigena,,,,
44601,Tembé,Tembé,Tomé-Açu,PA,10751881,Regularizada,Tradicionalmente ocupada,,,,
44701,Tenharim do Igarapé Preto,Tenharim,Novo Aripuanã,AM,874131478,Regularizada,Tradicionalmente ocupada,,,,
44801,Tenharim Marmelos,Tenharim,"Humaitá , Manicore",AM,4975217500,Regularizada,Tradicionalmente ocupada,,,,
44901,Terena Gleba Iriri,Terena,Matupá,MT,305888088,Regularizada,Tradicionalmente ocupada,,,,
45001,Tereza Cristina,Boróro,Santo Antônio do Leverger,MT,30060,Regularizada,Tradicionalmente ocupada,,,,
45103,Itixi Mitari,Apurinã,"Anori, Beruri, Tapaua",AM,1821347750,Regularizada,Tradicionalmente ocupada,,,,
45201,Tibagy/Mococa,Kaingang,Ortigueira,PR,8599098,Regularizada,Tradicionalmente ocupada,,,,
45301,Tikúna de Feijoal,"Kokama, Tikiuna","Benjamin Constant, São Paulo de Olivença",AM,0,Regularizada,Tradicionalmente ocupada,,,,
45402,Tingui Botó,Tingui-Botó,"Campo Grande, Feira Grande",AL,535,Regularizada,Reserva Indigena,,,,
45501,Tirecatinga,Halotesu,Sapezal,MT,1305751960,Regularizada,Tradicionalmente ocupada,,,,
45601,Toldo Chimbangue,Kaingang,Chapecó,SC,9886625,Regularizada,Tradicionalmente ocupada,,,,
45701,Toldo Chimbangue II,Kaingang,Chapecó,SC,9540708,Regularizada,Tradicionalmente ocupada,,,,
45801,Toldo Imbu,Kaingang,Abelardo Luz,SC,19606934,Declarada,Tradicionalmente ocupada,,,,
45901,Torá,"Apurinã, Torá","Humaitá, Manicoré",AM,54960985,Regularizada,Tradicionalmente ocupada,,,,
46101,Trincheira,Múra,Autazes,AM,16246022,Regularizada,Tradicionalmente ocupada,,,,
46201,Trincheira Bacaja,"Araweté, Assurini do Xingu","Senador José Porfírio, São Felix do Xingu, Altamira, Anapu",PA,16509392600,Regularizada,Tradicionalmente ocupada,,,,
46301,Trocará,Asurini do Tocantins,"Baião, Tucuruí",PA,21722,Regularizada,Tradicionalmente ocupada,,,,
46302,Trocará - Doação,Asurini do Tocantins,Tucuruí,PA,14048,Regularizada,Dominial Indígena,,,,
46401,Trombetas/Mapuera,"Waimiri Atroari, Katuena, Karafawyana, Isolados, Hixkaryana, Sikiyana, Tunayana, Wai-Wai, Xereu, Katuena,","Caroebe, Faro, Nhamunda, Oriximiná, São João da Baliza, Urucurua",AM/PA/RR,3970898040,Regularizada,Tradicionalmente ocupada,,,,
46501,Truaru,"Wapixana, Makuxi","Alto Alegre, Boa Vista",RR,5652841,Regularizada,Tradicionalmente ocupada,,,,
46601,Truká,Truká,Cabrobó,PE,15928972,Regularizada,Tradicionalmente ocupada,,X,,
46602,Truká,Truká,Cabrobó,PE,5769,Declarada,Tradicionalmente ocupada,Reestudo,,,
46701,Tubarão Latunde,"Aikanã, Laiana",Chupinguaia,RO,1166133670,Regularizada,Tradicionalmente ocupada,,,,
46801,Tikuna de Santo Antonio,Tikúna,Benjamin Constant,AM,10652723,Regularizada,Tradicionalmente ocupada,,,,
46901,Tukuna Porto Espiritual,Tikúna,Benjamin Constant,AM,28393483,Regularizada,Tradicionalmente ocupada,,,,
47001,Tukuna Umariaçu,Tikúna,Tabatinga,AM,48549989,Regularizada,Tradicionalmente ocupada,,,,
47101,Tumiã,Apurinã,Lábrea,AM,1243574170,Regularizada,Tradicionalmente ocupada,,,,
47201,Tupã-Supé,Tikúna,"Alvarães, Uarini",AM,85895101,Regularizada,Tradicionalmente ocupada,,,,
47301,Turé/Mariquita,Tembé,Tomé-Açu,PA,1469798,Regularizada,Tradicionalmente ocupada,,,,
47401,Turé/Mariquita II,Tembé,Tomé-Açu,PA,5935563,Encaminhada RI,Reserva Indigena,,,,
47601,Uaça,Karipuna,Oiapoque,AP,4701640640,Regularizada,Tradicionalmente ocupada,,,,
47701,Uati-Paraná,Tikúna,"Fonte Boa, Japurá, Tonantins",AM,1271990610,Regularizada,Tradicionalmente ocupada,,,,
47801,Ubawawe,Xavante,Novo São Joaquim,MT,522344773,Regularizada,Tradicionalmente ocupada,,,,
47901,Uirapuru,Paresí,"Campos de Júlio, Nova Lacerda",MT,21680,Declarada,Tradicionalmente ocupada,,,,
48001,Umutina,Umutina,Barra do Bugres,MT,28120,Regularizada,Tradicionalmente ocupada,,,,
48101,Uneiuxi,"Makú, Tukano","Japurá, Santa Isabel do Rio  Negro",AM,4031828080,Regularizada,Tradicionalmente ocupada,,X,,
48102,Uneiuxi,"Makú, Tukano","Japurá, Santa Isabel do Rio Negro",AM,5547304120,Declarada,Tradicionalmente ocupada,Reestudo,,,
48201,Uru-Eu-Wau-Wau,Uru-Eu-Wau-Wau,"Jaru, Guajara-Mirim, Alvorada D'Oeste, São Miguel do Guapore, Costa Marques, Nova Mamoré",RO,0,Regularizada,Tradicionalmente ocupada,,,,
48301,Urubu Branco,Tapirapé,"Luciára, Confresa, Santa Teresinha, Porto Alegre do Norte",MT,1675333270,Regularizada,Tradicionalmente ocupada,,,,
48401,Urucu/Juruá,Tenetehara,Itaipava do Grajaú,MA,126970441,Regularizada,Tradicionalmente ocupada,,,,
48501,Utiariti,Paresí,"Campo Novo do Parecis, Sapezal",MT,4123041960,Regularizada,Tradicionalmente ocupada,,,,
48601,Vale do Guaporé,Nambikwára,"Comodoro, Nova Lacerda",MT,242593,Regularizada,Tradicionalmente ocupada,,,,
48701,Vale do Javari,"Kulina Páno, Matis, Matses","Atalaia do Norte, Benjamin Constant, Jutai, São Paulo de Olivença",AM,85444822700,Regularizada,Tradicionalmente ocupada,,,,
48801,Vanuire,Kaingang,"Arco-Iris, Tupã",SP,7089304,Regularizada,Tradicionalmente ocupada,,,,
48901,Vargem Alegre,Pankararú,Serra do Ramalho,BA,9810815,Regularizada,Reserva Indigena,,,,
49001,Varzinha,Guarani Mbya,"Caraá, Maquiné",RS,7762761,Regularizada,Tradicionalmente ocupada,,,,
49101,Ventarra,Kaingang,Erebango,RS,7729532,Regularizada,Tradicionalmente ocupada,,,,
49201,Votouro,Kaingang,"Benjamin Constant do Sul, Faxinalzinho",RS,33410977,Regularizada,Tradicionalmente ocupada,,,,
49301,Vui-Uata-In,Tikúna,Amaturá,AM,1211986000,Regularizada,Tradicionalmente ocupada,,,,
49401,Waiãpi,Waiãpy,"Pedra Branca do Amaparí, Laranjal do Jari, Mazagão",AP,6070172400,Regularizada,Tradicionalmente ocupada,,,,
49501,Waimiri-Atroari,Waimiri Atroari,"Rorainópolis, Novo Airão, Presidente Figueiredo, São João da Baliza, Urucará",AM/RR,25859115700,Regularizada,Tradicionalmente ocupada,,,,
49601,WaiWái,Mawayána,"Caroebe, Caracarai, São João da Baliza",RR,4056980090,Regularizada,Tradicionalmente ocupada,,,,
49701,Wassu-Cocal,Wassú,"Colônia Leopoldina, Joaquim Gomes, Matriz de Camaragibe, Novo Lino",AL,11842,Delimitada,Tradicionalmente ocupada,,,,
49801,Wawi,Kisêdjê,Querência,MT,1503291870,Regularizada,Tradicionalmente ocupada,,,,
49901,Xacriabá,Xacriabá,"São João das Missões, Itacarambi",MG,464159242,Regularizada,Tradicionalmente ocupada,,,,
50001,Xakriabá Rancharia,Xacriabá,"Itacarambi, São João das Missões",MG,67983817,Regularizada,Tradicionalmente ocupada,,,,
50101,Xambioá,"Guaraní, Karaja",Santa Fé do Araguaia,TO,33263502,Regularizada,Tradicionalmente ocupada,,,,
50201,Xapecó,"Kaingang, Guarani","Abelardo Luz, Ipauçu, Entre Rios",SC,156239581,Homologada,Tradicionalmente ocupada,,,,
50301,Xerente,Xerente,Tocantínia,TO,1675421060,Regularizada,Tradicionalmente ocupada,,,,
50501,Xikrin do Rio Catete,Kayapó,"Água Azul do Norte, Marabá, Parauapebas",PA,4391505450,Regularizada,Tradicionalmente ocupada,,,,
50601,Xipaya,"Xipáya, Kuruaya",Altamira,PA,1787230240,Homologada,Tradicionalmente ocupada,,,,
50701,Xukuru-Kariri,Xucuru - Kariri,Palmeira dos Índios,AL,7073,Declarada,Tradicionalmente ocupada,,,,
50801,Xukuru,Xucuru,"Poção, Pesqueira",PE,275550583,Regularizada,Tradicionalmente ocupada,,,,
50901,Yanomami,Yanomámi,"Caracaraí,Alto Alegre, Boa Vista, Barcelos, São Gabriel da Cachoeira, Santa Isabel do Rio Negro",AM/RR,0,Regularizada,Tradicionalmente ocupada,,,,
51001,Zoe,Zo´é,Óbidos,PA,6685656280,Regularizada,Tradicionalmente ocupada,,,,
51101,Zoró,Zoró,Aripuanã,MT,3557895490,Regularizada,Tradicionalmente ocupada,,,,
51201,Zuruahã,Zuruahã,Tapauá,AM,2390697400,Regularizada,Tradicionalmente ocupada,,,,
51301,Riozinho do Alto Envira,Isolados,"Santa Rosa do Purus, Feijo, Feijo",AC,0,Homologada,Tradicionalmente ocupada,,,,
51501,Sapotal,Kokama,Tabatinga,AM,12644661,Regularizada,Tradicionalmente ocupada,,,,
51601,Anaro,Wapixana,Amajari,RR,304739506,Regularizada,Tradicionalmente ocupada,,,,
51801,Arara do Rio Amonia,Arara do Acre,Marechal Thaumaturgo,AC,20534,Declarada,Tradicionalmente ocupada,,,,
52201,Barro Alto,Kokama,Tonantins,AM,19371679,Regularizada,Tradicionalmente ocupada,,,,
52401,Batelão,Kaiabi,"Tabaporã, Nova Canaã do Norte, Juara",MT,117050,Declarada,Tradicionalmente ocupada,,,,
52601,Apurinã do Igarapé Mucuim,Apurinã,Lábrea,AM,733506121,Regularizada,Tradicionalmente ocupada,,,,
52701,Lago do Correio,"Tikúna, Kokama",Santo Antônio do Içá,AM,132097815,Regularizada,Tradicionalmente ocupada,,,,
52801,Guanabara,Kokama,Benjamin Constant,AM,15600,Declarada,Tradicionalmente ocupada,,,,
53201,Ponciano,Múra,"Altazes, Careiro da Várzea",AM,4329,Delimitada,Tradicionalmente ocupada,,,,
53401,Prosperidade,Kokama,Tonantins,AM,55728552,Regularizada,Tradicionalmente ocupada,,,,
53601,Santa Cruz da Nova Aliança,Kokama,Tonantins,AM,59692201,Regularizada,Tradicionalmente ocupada,,,,
53801,Mato Preto,Guaraní,"Erechim, Erebango, Getulio Vargas",RS,4230,Declarada,Tradicionalmente ocupada,,,,
53901,Sururuá,Kokama,"Benjamin Constant, São Paulo de Olivença",AM,36125,Declarada,Tradicionalmente ocupada,,,,
54001,Votouro/Kandoia,Kaingang,"Benjamin Constant do Sul, Faxinalzinho",RS,5977,Delimitada,Tradicionalmente ocupada,,,,
54101,Vista Alegre,Múra,"Careiro, Manaquiri",AM,13206,Delimitada,Tradicionalmente ocupada,,,,
54601,Tapeba,Tapeba,Caucaia,CE,5838,Delimitada,Tradicionalmente ocupada,,,,
55001,Sombrerito,Guarani Nhandeva,Sete Quedas,MS,12608,Declarada,Tradicionalmente ocupada,,,,
55101,Maró,Arapiun,Santarém,PA,42373,Delimitada,Tradicionalmente ocupada,,,,
55201,Pequizal do Naruvôtu,Naravute,"Canarana, Gaúcha do Norte",MT,27980,Declarada,Tradicionalmente ocupada,,,,
55501,Tupinambá de Olivença,Tupinambá,"Buerarema, Ilhéus, Una",BA,47376,Delimitada,Tradicionalmente ocupada,,,,
56801,Las Casas,Kayapó,"Pau D`Arco, Floresta do Araguaia, Redenção",PA,213447011,Regularizada,Tradicionalmente ocupada,,,,
57001,Portal do Encantado,Chiquitáno,"Pontes e Lacerda, Vila Bela da Santissima Trindade, Porto Esperidião",MT,43057,Declarada,Tradicionalmente ocupada,,,,
57101,Porto Limoeiro,Tikúna,Santo Antônio do Içá,AM,45877205,Regularizada,Tradicionalmente ocupada,,,,
58001,Munduruku-Taquara,Mundurukú,Belterra,PA,25323,Delimitada,Tradicionalmente ocupada,,,,
58101,São Marcos - MT,Xavante,Barra do Garças,MT,0,Regularizada,Tradicionalmente ocupada,,,,
58201,São Domingos do Jacapari e Estação,Kokama,"Jutaí, Tonantins",AM,1347817510,Regularizada,Tradicionalmente ocupada,,,,
58301,São Domingos - MT,Karajá,"Luciára, São Felix do Araguaia",MT,57048096,Regularizada,Tradicionalmente ocupada,,,,
58401,São Marcos - RR,"Makuxí, Wapixana","Boa Vista, Pacaraima",RR,6541101000,Regularizada,Tradicionalmente ocupada,,,,
58502,Boa Vista,Mura,Careiro da Varzea,AM,337,Regularizada,Tradicionalmente ocupada,,,,
58601,Boa Vista - PR,Kaingang,Laranjeiras do Sul,PR,73363308,Declarada,Tradicionalmente ocupada,,,,
58701,Cacique Fontoura,Karajá,"São Félix do Araguaia, Luciara",MT,323047226,Declarada,Tradicionalmente ocupada,,,,
58801,Barreirinha,Amanayé,Paragominas,PA,0,Regularizada,Tradicionalmente ocupada,,,,
58901,Sarauá,Amanayé,Ipixuna do Pará,PA,18610323,Regularizada,Tradicionalmente ocupada,,,,
59101,Tarumã,Guarani Mbya,"Araquari, Balneario Barra do Sul",SC,2172,Declarada,Tradicionalmente ocupada,,,,
59201,Tumbalalá,Tumbalalá,"Abaré, Curaça",BA,44978,Delimitada,Tradicionalmente ocupada,,,,
59301,Caieiras Velha II,"Guarani Mbya, Tupiniquim",Aracruz,ES,573935,Regularizada,Tradicionalmente ocupada,,,,
59601,Cué Cué/ Marabitanas,Baré,São Gabriel da Cachoeira,AM,808645,Declarada,Tradicionalmente ocupada,,,,
60001,Arara da Volta Grande do Xingu,Arara do Acre,Senador José Porfírio,PA,25524931,Declarada,Tradicionalmente ocupada,,,,
60701,Caxixó,Kaxixó,"Pompéu, Martinho Campos",MG,5411,Delimitada,Tradicionalmente ocupada,,,,
61401,Kawahiva do Rio Pardo (restrição de uso),Isolados,Colniza,MT,411848,Delimitada,Tradicionalmente ocupada,,,,
62301,Krahó-Kanela,Krahô-Kanela,Lagoa da Confusão,TO,76127653,Regularizada,Tradicionalmente ocupada,,,,
62401,Utaria Wyhyna/Iròdu Iràna,"Karajá, Javaé",Pium,TO,177466,Declarada,Tradicionalmente ocupada,,,,
62501,Bragança-Marituba,Mundurukú,Belterra,PA,13515,Delimitada,Tradicionalmente ocupada,,,,
62901,Tenharim Marmelos (Gleba B),Tenharim,"Manicoré, Humaita",AM,4747416020,Regularizada,Tradicionalmente ocupada,,,,
63901,Tuwa Apekuokawera,Suruí de Rondônia,"Marabá, São Geraldo do Araguaia",PA,11764,Delimitada,Tradicionalmente ocupada,,,,
64001,Yvyporã Laranjinha,Guarani Nhandeva,"Cornélio Procópio, Abatia, Ribeirão do Pinhal",PR,1238,Declarada,Tradicionalmente ocupada,,,,
64601,Tremembé de Queimadas,Tremembé,Acaraú,CE,767,Declarada,Tradicionalmente ocupada,,,,
64801,Panambi - Lagoa Rica,Guarani Kaiowá,"Douradina, Itaporã",MS,12196,Delimitada,Tradicionalmente ocupada,,,,
64901,Xapecó (Pinhalzinho-Canhadão),"Guaraní, Kaingang","Abelardo Luz, Ipauçu",SC,660,Declarada,Tradicionalmente ocupada,,,,
65301,Passo Grande do Rio Forquilha,Kaingang,"Cacique Doble, Sananduva",RS,1916,Declarada,Tradicionalmente ocupada,,,,
65401,Maracaxi,Tembé,Aurora do Pará,PA,720,Declarada,Tradicionalmente ocupada,,,,
65701,Hãm Yîxux,Maxakali,Ladainha,MG,0,Regularizada,Reserva Indigena,,,,
65801,Krenrehé,Krenák,"Luciára , Canabravo do Norte",MT,6400,Regularizada,Reserva Indigena,,,,
65901,Jacareúba/Katauixi (restrição uso),Isolados,"Canutama , Labrea",AM,647386,Em Estudo,Interditada,,,,
66001,Mundo Verde/Cachoeirinha,Maxakali,Teófilo Otoni,MG,6061916,Regularizada,Reserva Indigena,,,,
66301,Tanaru ( restrição de uso ),Isolados,"Corumbiara, Chupinguaia, Parecis, Pimenteiras do Oeste",RO,8070,Em Estudo,Interditada,,,,
66901,Piripkura ( restrição de uso ),Isolados,"Colniza, Rondolândia",MT,242500,Em Estudo,Interditada,,,,
67601,Igarapé Taboca do Alto Tarauacá (restrição de uso),Isolados,Jordão,AC,287,Em Estudo,Interditada,,,,
68301,Apiaká do Pontal e Isolados,"Apiaká, Isolados",Apiacás,MT,982324,Delimitada,Tradicionalmente ocupada,,,,
68901,Tupinambá de Belmonte,Tupinambá,Belmonte,BA,9521,Delimitada,Tradicionalmente ocupada,,,,
69001,Sissaíma,Múra,Careiro da Várzea,AM,8700,Delimitada,Tradicionalmente ocupada,,,,
69801,Fazenda Remanso,Tuxá,Muquém de São Francisco,BA,3369518,Regularizada,Reserva Indigena,,,,
69901,Fazenda Sítio,Tuxá,Quijingue,BA,414,Regularizada,Reserva Indigena,,,,
70201,Xukuru de Cimbres,Xucuru,"Pedra, Alagoinha, Pesqueira, Venturosa",PE,11661793,Regularizada,Reserva Indigena,,,,
70601,Tremembé da Barra do Mundaú,Tremembé,Itapipoca,CE,3580,Delimitada,Tradicionalmente ocupada,,,,
72601,Ituna/Itata (restrição de uso),Isolados,"Altamira, Anapu, Senador Jose Porfirio",PA,142402,Em Estudo,Interditada,,,,
73301,Taego Ãwa,Ava-Canoeiro,Formoso do Araguaia,TO,29000,Delimitada,Tradicionalmente ocupada,,,,
73601,Wedezé,Xavante,Cocalinho,MT,145881,Delimitada,Tradicionalmente ocupada,,,,
73702,Iguatemipegua I,Guarani Kaiowá,Iguatemi,MS,41571,Delimitada,Tradicionalmente ocupada,,,,
73708,Pirititi (restrição de uso),Isolados,Rorainópolis,RR,43404,Em Estudo,Interditada,,,,
73720,Takuari,Guarani,Eldorado,SP,2190,Regularizada,Reserva Indigena,,,,
37501,Queimadas,Kaingang,Ortigueira,PR,30777602,Regularizada,Tradicionalmente ocupada,,,,
52001,Jaminawá da Colocação São Paulino,Yaminawa,Boca do Acre,AM,0,Em Estudo,Tradicionalmente ocupada,,,-68.704045979513239,-8.959070116714214
55801,Caiapucá,Yaminawa,Boca do Acre,AM,0,Em Estudo,Tradicionalmente ocupada,,,-68.171873233632667,-9.019602409821019
61101,Jamamadi do Lourdes,"Jamamadí, Apurinã",Boca do Acre,AM,0,Em Estudo,Tradicionalmente ocupada,,,-67.662264326084056,-8.760129137685714
51401,Lago do Barrigudo,Apurinã,Beruri,AM,0,Em Estudo,Tradicionalmente ocupada,,,-61.211727790187197,-4.249466263658111
57301,Kaxinawá Seringal Curralinho,Kaxinawá,Feijó,AC,0,Em Estudo,Tradicionalmente ocupada,,,-70.614141191709933,-8.412818187475223
62701,Manchineri do Seringal Guanabara,Machineri,"Sena Madureira, Assis Brasil",AC,0,Em Estudo,Tradicionalmente ocupada,,,-69.69301302750192,-10.371735179904883
60801,Jaminawa do Rio Caeté,Yaminawa,Sena Madureira,AC,0,Em Estudo,Tradicionalmente ocupada,,,-69.553321828879078,-9.593236650322625
62101,Baixo Rio Negro,"Tukano, Makurap, Baré",Barcelos,AM,0,Em Estudo,Tradicionalmente ocupada,,,-63.429125501480435,-0.601744303278443
68101,Kaxuyana/Tunayana,Kaxuyana,Oriximiná,PA,0,Em Estudo,Tradicionalmente ocupada,,,-57.310577923320636,-0.578867076189494
47602,Uaça,Karipuna,Oiapoque,AP,0,Em Estudo,Tradicionalmente ocupada,Reestudo,,-51.848289202251742,3.456253337692759
62001,Juruna do Km 17,Juruna,Vitória do Xingu,PA,0,Encaminhada RI,Reserva Indigena,,,-52.202436704577678,-3.043606463192293
55401,Pacajá,Asurini do Tocantins,Portel,PA,0,Em Estudo,Tradicionalmente ocupada,,,-50.219582378083999,-3.11647212966266
67301,Apinayé II,Apinayé,"Tocantinópolis, Nazaré",TO,0,Em Estudo,Tradicionalmente ocupada,,,-47.70512716157981,-6.359722763535326
56901,Vila Real,Tenetehara,Barra do Corda,MA,0,Em Estudo,Tradicionalmente ocupada,,,-45.324861294425922,-5.758544481538863
21302,Karajá Santana do Araguaia,Karajá,Santa Maria das Barreiras,PA,0,Em Estudo,Tradicionalmente ocupada,Reestudo,,-49.893754049465208,-8.936424948918461
38401,Rio Arraias,Kaiabi,Marcelândia,MT,0,Em Estudo,Tradicionalmente ocupada,,,-53.82113944127746,-10.865520713396899
65001,Ikpeng,Ikpeng,Gaúcha do Norte,MT,0,Em Estudo,Tradicionalmente ocupada,,,-54.203486584164274,-12.424335450098821
49802,Wawi,Kisêdje,Querência,MT,0,Em Estudo,Tradicionalmente ocupada,Reestudo,,-52.934669836168723,-11.76790176338651
69301,Lago Grande,Karajá,Santa Terezinha,MT,0,Em Estudo,Tradicionalmente ocupada,,,-50.438657724748765,-10.022528017598582
58302,São Domingos - MT,Karaja,"Luciara, São Felix do Araguaia",MT,0,Em Estudo,Tradicionalmente ocupada,Reestudo,,-50.762538537002413,-11.196111662514845
44002,Tapirapé/Karajá,"Tapirapé, Karaja","Luciára, Santa Terezinha",MT,0,Em Estudo,Tradicionalmente ocupada,Reestudo,,-50.724207158823901,-10.810932383865035
301,Água Limpa,Terena,Rochedo,MS,0,Em Estudo,Tradicionalmente ocupada,,,-54.777877850766387,-20.115218097325656
66601,Apapeguá,Guarani Kaiowá,Ponta Porã,MS,0,Em Estudo,Tradicionalmente ocupada,,,-55.903082640160541,-21.98339562325566
68801,Tekoha Marangatu,Guarani Nhandeva,Guaíra,PR,0,Em Estudo,Tradicionalmente ocupada,,,-54.299437964685886,-24.177359906794816
70101,Araguajú/Terra Roxa,Guarani Nhandeva,Guairaçá,PR,0,Em Estudo,Tradicionalmente ocupada,,,-54.246903321884801,-24.087332894050576
70001,Tekoha Porã,"Guarani Kaiowá, Guarani Nhandeva",Guaíra,PR,0,Em Estudo,Tradicionalmente ocupada,,,-54.273488763029825,-24.282544810493047
67501,Ilhas da Tapera/São Félix/Porto,Truká,Orocó,PE,0,Encaminhada RI,Reserva Indigena,,,-39.569497885515553,-8.509198394949438
71001,Pankará da Serra do Arapuá,Pankará,Carnaubeira da Penha,PE,0,Em Estudo,Tradicionalmente ocupada,,,-38.745320135721251,-8.418274653411794
47501,Tuxá,Tuxá,Rodelas,BA,0,Encaminhada RI,Reserva Indigena,,,-38.871536822544186,-8.915063170492489
37601,Quixaba - Fazenda Pedrosa,Xucuru - Kariri,Glória,BA,281658,Regularizada,Reserva Indigena,,,-38.623676476676557,-9.212562664934966
46001,Tremembé de Almofala,Tremembé,Itarema,CE,4900,Delimitada,Tradicionalmente ocupada,,,-39.857081693105862,-2.973447971155345
71101,Anacé,Anacé,Caucaia,CE,0,Em Estudo,Tradicionalmente ocupada,,,-38.886559277238042,-3.594214698954334
64701,Mundo Novo/Viração,Potiguara,"Monsenhor Tabosa, Tamboril",CE,0,Em Estudo,Tradicionalmente ocupada,,,-40.212983811502852,-4.920219175990342
56701,Sawré Muybu (Pimental),Mundurukú,"Itaituba, Trairão",PA,0,Em Estudo,Tradicionalmente ocupada,,,-56.250040193029889,-4.592898234055636
57801,Sawré Juybu (São Luiz do Tapajós),Mundurukú,Itaituba e Trairão,PA,0,Em Estudo,Tradicionalmente ocupada,,,-56.220867529672645,-4.450594212561809
68001,Escrivão,"Maytapu, Munduruku",Aveiro,PA,0,Em Estudo,Tradicionalmente ocupada,,,-55.431843258969323,-3.519902134716581
6801,Borboleta,Kaingang,"Campos Borges, Espumoso, Salto Grande do Jacui",RS,0,Em Estudo,Tradicionalmente ocupada,,,-52.981848539513727,-28.976225683702168
66201,Kaaguy Poty,Guaraní,Estrela Velha,RS,0,Em Estudo,Tradicionalmente ocupada,,,-53.10372228743902,-29.403231748440074
69101,Estrela,Kaingang,Estrela,RS,0,Em Estudo,Tradicionalmente ocupada,,,-51.862326290123391,-29.499351001468565
70801,Arroio do Conde,Kaingang,"Eldorado do Sul , Guaiba",RS,0,Em Estudo,Tradicionalmente ocupada,,,-51.351343471952745,-30.039893152817147
68701,Morro do Osso,Kaingang,Porto Alegre,RS,0,Em Estudo,Tradicionalmente ocupada,,,-51.285194603966531,-30.117750884914837
70701,Petim/Arasaty,Guaraní,Guaíba,RS,0,Em Estudo,Tradicionalmente ocupada,,,-51.418448277075399,-30.188176136528167
70901,Passo Grande,Guaraní,Barra do Ribeiro,RS,0,Em Estudo,Tradicionalmente ocupada,,,-51.196448785634736,-30.393901971961053
70401,Wahuri,Javaé,Sandolândia,TO,0,Em Estudo,Tradicionalmente ocupada,,,-50.135383919283861,-12.263066985005327
49902,Xacriabá,Xakriabá,"São João das Missões, Itacarambi",MG,0,Em Estudo,Tradicionalmente ocupada,Reestudo,,-44.516622817211832,-14.900621743208179
3902,Areões,xavante,Agua Boa,MT,0,Em Estudo,Tradicionalmente ocupada,Reestudo,,-52.184073977023253,-14.397333633012165
64101,Eterãirebere,Xavante,"Novo São Joaquim, Santo Antonio do Leste, Campinapolis",MT,0,Em Estudo,Tradicionalmente ocupada,,,-52.988132122304386,-14.638939011311416
64301,Norotsurã,Xavante,"Agua Boa, Campinápolis, Nova Xavantina",MT,0,Em Estudo,Tradicionalmente ocupada,,,-52.797839719497979,-14.338943145319654
64201,Isou`pá,Xavante,"Agua Boa, Campinapolis, Nova Xavantina",MT,0,Em Estudo,Tradicionalmente ocupada,,,-52.964848632195206,-14.140322100341439
64401,Huuhi,Xavante,Paranatinga,MT,0,Em Estudo,Tradicionalmente ocupada,,,-53.488261690280986,-14.129534071316105
41102,Sangradouro/Volta Grande,"Xavante, Bororo","Novo São Joaquim, General Carneiro, Poxoreu",MT,0,Em Estudo,Tradicionalmente ocupada,Reestudo,,-53.948054496334457,-15.680539583732633
20102,Kaingang de Irai,Kaingang,Iraí,RS,0,Em Estudo,Tradicionalmente ocupada,Reestudo,,-53.221675800503341,-27.230467779267542
65201,Palmital,Guaraní,União da Vitória,PR,0,Em Estudo,Tradicionalmente ocupada,,,-51.193679306019327,-26.042951491597574
68601,Mato Castelhano,Kaingang,Mato Castelhano,RS,0,Em Estudo,Tradicionalmente ocupada,,,-52.299893793096182,-28.278685077725608
9602,Carreteiro,Kaingang,Água Santa,RS,0,Em Estudo,Tradicionalmente ocupada,Reestudo,,-52.022833120735108,-28.255074897366658
68501,Sêgu,Kaingang,Novo Xingu,RS,0,Em Estudo,Tradicionalmente ocupada,,,-53.087448773985159,-27.779487034494323
27801,Massiambu,Guarani Mbya,Palhoça,SC,0,Em Estudo,Tradicionalmente ocupada,,,-48.717569569324844,-27.874955968986107
73401,Cambirela,Guarani Mbya,Palhoça,SC,0,Em Estudo,Tradicionalmente ocupada,,,-48.702184078623688,-27.691124110987225
67801,Sambaqui,Guaraní,Pontal do Paraná,PR,0,Em Estudo,Tradicionalmente ocupada,,,-48.525804229503521,-25.622560957372517
67901,Karuguá,Guaraní,Piraquara,PR,0,Em Estudo,Tradicionalmente ocupada,,,-49.024407722067167,-25.4706500191263
67701,Cerco Grande,Guaraní,Guaraqueçaba,PR,0,Em Estudo,Tradicionalmente ocupada,,,-48.346840113864559,-25.324113275706882
71301,Rio Branquinho,Guarani Mbya,Cananéia,SP,0,Em Estudo,Tradicionalmente ocupada,,,-48.157079045966441,-25.182661684776807
71901,Ilha do Cardoso,Guarani Mbya,Cananeia,SP,0,Em Estudo,Tradicionalmente ocupada,,,-48.001237022955969,-25.112044647028039
71201,Tekoa Pindoty,Guarani Mbya,Pariquera-Açu,SP,0,Em Estudo,Tradicionalmente ocupada,,,-47.903073582431276,-24.764492538177233
71401,Tekoa Guaviraty,Guarani Mbya,Iguape,SP,0,Em Estudo,Tradicionalmente ocupada,,,-47.763571694056743,-24.762603783521971
72001,Tekoa Itapuã,Guaraní,Iguape,SP,0,Em Estudo,Tradicionalmente ocupada,,,-47.65054876968658,-24.689055259665949
71801,Tekoa Amba Porã,Guarani Mbya,"Miracatu , Sete Barras",SP,0,Em Estudo,Tradicionalmente ocupada,,,-47.9982276648566,-24.516974759151658
71701,Tekoa Amba Porã,Guarani Mbya,"Miracatu, Sete Barras",SP,0,Em Estudo,Tradicionalmente ocupada,,,-48.107961621224831,-24.168087818480259
71501,Tekoa Uruity,Guarani Mbya,"Miracatu, Sete Barras",SP,0,Em Estudo,Tradicionalmente ocupada,,,-47.376336662766214,-24.256608054773693
66401,Arandu-Mirim,Guaraní,Parati,RJ,0,Em Estudo,Tradicionalmente ocupada,,,-44.8485876779975,-23.212099676289963
66101,Rio Pequeno,Guaraní,Parati,RJ,0,Em Estudo,Tradicionalmente ocupada,,,-44.805726940531713,-23.113286265462094
7802,Cacique Doble,"Kaingang, Guarani","Cacique Doble, São Jose do Ouro",RS,0,Em Estudo,Tradicionalmente ocupada,Reestudo,,-51.607526774650694,-27.825226191160592
17102,Inhacora,Kaingang,São Valério do Sul,RS,0,Em Estudo,Tradicionalmente ocupada,Reestudo,,-54.002005341029658,-27.883809557358987
69501,Itapuã,Guaraní,Viamão,RS,0,Em Estudo,Tradicionalmente ocupada,,,-51.014425047696371,-30.30120521291634
69401,Morro do Coco,Guaraní,Viamão,RS,0,Em Estudo,Tradicionalmente ocupada,,,-51.114181557611268,-30.271131709091936
35202,Pilad Rebuá,Terena,Miranda,MS,0,Em Estudo,Tradicionalmente ocupada,Reestudo,,-56.473148537264429,-20.332730861320393
25102,Lalima,"Terena, Kinikinau",Miranda,MS,0,Em Estudo,Tradicionalmente ocupada,Reestudo,,-56.232372914944854,-20.564525227888581
65601,Tekoha Itamarã,"Guarani Nhandeva, Guarani Mbya",Diamante D`Oeste,PR,242,Regularizada,Reserva Indigena,,,-54.079579444088203,-24.969501619708169
50401,Herarekâ Xetá,Xetá,Ivaté,PR,0,Em Estudo,Tradicionalmente ocupada,,,-53.453684521174075,-23.517284398757987
73201,Kalanko,Kalankó,Água Branca,AL,0,Em Estudo,Tradicionalmente ocupada,,,-37.967639143581025,-9.205034375244081
62201,Fazenda Cristo Rei,Pankararú,Jatobá,PE,0,Encaminhada RI,Reserva Indigena,,,-38.254385738843048,-9.250407363864586
13102,Fulni-ô,Fulni-ô,"Águas Belas, Itaiba",PE,0,Em Estudo,Tradicionalmente ocupada,Reestudo,,-37.070390283147489,-9.145380911079888
66701,Amambaipeguá,Guarani Kaiowá,Ponta Porã,MS,0,Em Estudo,Tradicionalmente ocupada,,,-55.403940085015925,-22.73868732220047
66501,Brilhantepeguá,Guarani Kaiowá,Paranhos,MS,0,Em Estudo,Tradicionalmente ocupada,,,-55.323617118259001,-23.8456974102365
66801,Iguatemipeguá,Guarani Kaiowá,"Sete Quedas, Iguatemi",MS,0,Em Estudo,Tradicionalmente ocupada,,,-54.882918580382551,-23.408281349613006
67001,Ñandévapeguá,Guaraní,Japorã,MS,0,Em Estudo,Tradicionalmente ocupada,,,-54.404048065930304,-23.911878488313249
67101,Dourados-Amambaipeguá,Guaraní,"Amambai, Dourados, Naviraí",MS,0,Em Estudo,Tradicionalmente ocupada,,,-54.493678573310035,-23.015815766464172
55901,Urucuty,Guarani Kaiowá,Amambaí,MS,0,Em Estudo,Tradicionalmente ocupada,,,-55.056658227510844,-22.397811505502844
64501,Kapôt Nhinore,Kayapó,"São Félix do Xingu. Santa Cruz do Xingu, Vila Rica",MT/PA,0,Em Estudo,Tradicionalmente ocupada,,,-52.717538332019046,-9.925711963307002
45002,Tereza Cristina,Boróro,Santo Antonio do Leverger,MT,0,Em Estudo,Tradicionalmente ocupada,Reestudo,,-55.058369510348328,-16.6639623950648
57201,São Gabriel/São Salvador,Kokama,Santo Antônio do Içá,AM,0,Em Estudo,Tradicionalmente ocupada,,,-67.944057734387329,-3.154388991234512
53501,Riozinho,"Tikúna, Kokama","Jutaí, Jarua",AM,0,Em Estudo,Tradicionalmente ocupada,,,-67.058027406331021,-3.525470540058868
23402,Krenak dos Sete Salões,Krenák,"Conselheiro Pena, Itueto, Resplendor e Santa Maria do Itueta",MG,0,Em Estudo,Tradicionalmente ocupada,Reestudo,,-41.345294313805269,-19.299818084595156
65501,Puruborá,Puroborá,"Seringueiras, São Francisco do Guapore",RO,0,Em Estudo,Tradicionalmente ocupada,,,-63.31489073457211,-11.981997885397803
33302,Parati-Mirim,Guarani,Parati,RJ,0,Em Estudo,Tradicionalmente ocupada,Reestudo,,-44.638211967470269,-23.307308828642277
71601,Tekoa Jaikoaty,Guarani Nhandeva,"Miracatu, Sete Barras",SP,0,Em Estudo,Tradicionalmente ocupada,,,-47.541185676873447,-24.338236807655399
72101,Tekoa Jejyty,Guaraní,Iguape,SP,0,Em Estudo,Tradicionalmente ocupada,,,-47.527251034711036,-24.642994269896587
73101,Tekoa Itaoca,Guarani Mbya,Iguape,SP,0,Em Estudo,Tradicionalmente ocupada,,,-47.922593192064568,-24.907621008707995
68201,Itaporanga,Guarani Nhandeva,Itaporanga,SP,0,Em Estudo,Tradicionalmente ocupada,,,-49.522138375438516,-23.693174914201293
69201,Guarani Barão de Antonina,Guaraní,Barão de Antonina,SP,0,Em Estudo,Tradicionalmente ocupada,,,-49.579740781012838,-23.619826667085974
14002,Guarani Araponga,Guarani,Parati,RJ,0,Em Estudo,Tradicionalmente ocupada,Reestudo,,-44.871336796420515,-23.347587984376176
69601,Ponta da Formiga,Guaraní,Barra do Ribeiro,RS,0,Em Estudo,Tradicionalmente ocupada,,,-51.413935766510825,-30.301292452048145
13602,Governador,"Gavião Pukobiê, Tenetehara",Amarante do Maranhão,MA,0,Em Estudo,Tradicionalmente ocupada,Reestudo,,-46.57264858819233,-5.483765892794151
21802,Karitiana,Karitiana,Porto Velho,RO,0,Em Estudo,Tradicionalmente ocupada,Reestudo,,-63.854798665479478,-9.246173538338144
62801,Pipipã,Pipipan,Floresta,PE,0,Em Estudo,Tradicionalmente ocupada,,,-38.07260020841391,-8.662929258378128
19401,Jeripanco,Jeripancó,Água Branca,AL,0,Em Estudo,Tradicionalmente ocupada,Reestudo,,-38.070467106127289,-9.224172445443021
29901,Muratuba,Múra,Autazes,AM,0,Em Estudo,Tradicionalmente ocupada,,,-59.65787272329144,-3.854158393803285
9001,Capivara,Múra,Autazes,AM,0,Em Estudo,Tradicionalmente ocupada,,,-59.451711789022987,-3.62056892695797
13901,Guapenu,Múra,Autazes,AM,0,Em Estudo,Tradicionalmente ocupada,,,-59.180670975411616,-3.52588174788753
32501,Pantaleão,Múra,Autazes,AM,0,Em Estudo,Tradicionalmente ocupada,,,-59.172772088962255,-3.608952136818085
52901,Igarapé Paiol,Apurinã,Manaquiri,AM,0,Em Estudo,Tradicionalmente ocupada,,,-60.695039606997348,-3.832873372360732
28002,Mata Medonha,Pataxó,Santa Cruz Cabrália,BA,0,Em Estudo,Tradicionalmente ocupada,Reestudo,,-39.088167799395301,-16.102403710051099
10302,Coroa Vermelha,Pataxó,"Porto Seguro, Santa Cruz Cabralia",BA,0,Em Estudo,Tradicionalmente ocupada,Reestudo,,-39.130676393042876,-16.277310447722446
65101,Cahy/Pequi,Pataxó,Prado,BA,0,Em Estudo,Tradicionalmente ocupada,,,-39.262891143071805,-17.007959817689418
56601,Nauá,Nawa,Mâncio Lima,AC,0,Em Estudo,Tradicionalmente ocupada,,,-73.580520701396054,-7.588068355912915
73721,Nonoai/Rio da Várzea,Kaingang,"Trindade do Sul, Nonoai, Liberato Salzano, Planalto, Gramado dos Loureiros",RS,0,Em Estudo,Tradicionalmente ocupada,Reestudo,,-53.176443483644789,-27.474503133252828
73710,Monte Caseros - RS,Kaingang,"Ibiraiaras, Muliterno",RS,0,Em Estudo,Tradicionalmente ocupada,Reestudo,,-51.757370194819728,-28.304751365978422
73703,Lami,Guaraní,Porto Alegre,RS,0,Em Estudo,Tradicionalmente ocupada,,,-51.220094189380497,-30.237373979518487
73706,Rio Capivari - Porãi,Guaraní,Capivari do Sul,RS,0,Em Estudo,Tradicionalmente ocupada,,,-50.566612365013157,-30.147135745012093
73705,Lomba do Pinheiro,Guaraní,Porto Alegre,RS,0,Em Estudo,Tradicionalmente ocupada,,,-51.179338365702577,-30.077089657110673
73704,Estiva,Guaraní,Viamão,RS,0,Em Estudo,Tradicionalmente ocupada,,,-51.118084265709925,-30.151905628969214
59401,Cobra Grande,Arapiun,Santarém,PA,0,Em Estudo,Tradicionalmente ocupada,,,-55.241343138609778,-2.322064969019205
73716,Jeju e Areal,Tembé,Santa Maria do Para,PA,0,Em Estudo,Tradicionalmente ocupada,,,-47.617800243777886,-1.386329333113973
73712,Kaxarari - AM RO,Kaxarari,"Porto Velho, Labrea",AM/RO,0,Em Estudo,Tradicionalmente ocupada,Reestudo,,-66.217235824142179,-9.114836085827154
73717,Fazenda Jenipapeiro,Atikum,Santa Rita de Cassia,BA,0,Encaminhada RI,Reserva Indigena,,,-44.564589993773204,-11.010318993458132
51901,Borari de Alter do Chão,Borari,Santarém,PA,0,Em Estudo,Tradicionalmente ocupada,,,-55.001069077180787,-2.525677933064252
59401,Cobra Grande,Arapiun,Santarém,PA,0,Em Estudo,Tradicionalmente ocupada,,,-55.241343138609778,-2.322064969019205
73718,Timbira-Krenyê,Timbira e Krenyê,Barra do Corda e Vitorino Freire,MA,0,Em Estudo,Tradicionalmente ocupada,,,-45.282991136459636,-4.044368257315085
72301,Campo Bonito,Guarani Mbya,Torres,RS,79,Regularizada,Reserva Indigena,,,-49.88545035825944,-29.358508878031657
72401,Estrada do Mar,Guarani Mbya,Osório,RS,45,Regularizada,Reserva Indigena,,,-50.237246181300407,-29.856494670363695
72501,Riozinho - RS,Guarani Mbya,Riozinho,RS,24,Regularizada,Reserva Indigena,,,-50.472545020338437,-29.587531066663789
72701,Canelinha,Guarani Mbya,Canelinha,SC,203,Regularizada,Reserva Indigena,,,-48.844176452312787,-27.283426263833089
72801,Águas Claras,Guarani Mbya,Major Gercino,SC,165,Regularizada,Reserva Indigena,,,-48.993082280365314,-27.36669332317198
72901,Amaral/Tekoá Kuriy,Guarani Mbya,Biguaçu,SC,500,Regularizada,Reserva Indigena,,,-48.868476966225217,-27.39802935070124
73001,Morro da Palha,Guarani Mbya,Biguaçu,SC,216,Regularizada,Reserva Indigena,,,-48.654574157883232,-26.346724576520497
73701,Baixo Seruini/Baixo Tumiã,Apurinã,Pauini,AM,0,Em Estudo,Tradicionalmente ocupada,,,-66.883812540379964,-7.828052302052062
73715,Rio Cautário,"Kanoé, Kujubim, Djeoromtxi-Jabuti","Costa Marques, Guajara-Mirim",RO,0,Em Estudo,Tradicionalmente ocupada,,,-64.468592837721516,-12.138867700344091
73709,Muã Mimatxi,Pataxó,Itapecirica,MG,0,Encaminhada RI,Reserva Indigena,,,-45.10016933478191,-20.477472190090428
53501,Riozinho,"Tikúna, Kokama","Jutaí, Jarua",AM,0,Em Estudo,Tradicionalmente ocupada,,,-65.252959098048407,-0.835433887262802
73722,Ypoi / Triunfo,Ñhandeva,Paranhos,MS,0,Em Estudo,Tradicionalmente ocupada,,,-55.466700590084031,-23.73614361034625
28402,Mbiguaçu,"Guarani Mbya, Guarani Nhandeva",Biguaçu,SC,0,Em Estudo,Tradicionalmente ocupada,Reestudo,,-48.65891338976607,-27.452644964281959
11202,Enawenê-Nawê,Enawenê-Nawê,"Comodoro,Juina, Sapezal",MT,0,Em Estudo,Tradicionalmente ocupada,Reestudo,,-58.967303544210672,-11.942349595321174
67401,Baixo Rio Negro II,"Makú, Tukano",Santa Isabel do Rio Negro,AM,0,Em Estudo,Tradicionalmente ocupada,,,-65.284365851129252,-0.822998738506599
72201,Coroa Vermelha - Gleba C,Pataxó,Porto Seguro,BA,0,Encaminhada RI,Reserva Indigena,,,-39.079139306164059,-16.345247824638708
73707,Cinta Vermelha Jundiba,"Pataxó, Pankararu",Araçuaí,MG,0,Encaminhada RI,Reserva Indigena,,,-42.037758525442875,-16.743562314380249
73711,Fazenda Boa Vista - MG,Xucuru - Kariri,Caldas,MG,101,Encaminhada RI,Reserva Indigena,,,-46.353206636099536,-21.924190386040074
73713,Amâncio,Guaraní,Biguaçu,SC,0,Em Estudo,Tradicionalmente ocupada,,,-48.700304441046136,-27.445327113617861
73714,Taba dos Anacé,Anacé,"Caucaia, São Gonçalo do Amarante",CE,543,Encaminhada RI,Reserva Indigena,,,-38.842046767958962,-3.593438660577815
