boundary,ethnic_group,leisure,name,operator,protect_class,protection_title,ref:Funai,source,type,id,is_in:city,is_in:state_code,protected_area,FUNAI:ADR,FUNAI:AREAETNO,FUNAI:AREA_HA,FUNAI:CDOC,FUNAI:CODAREA,FUNAI:DATADOC,FUNAI:DOCUMENTO,FUNAI:ETAPA,FUNAI:EXTENSO,FUNAI:FLUXO,FUNAI:GID,FUNAI:GRUPOS,FUNAI:LINKAREA,FUNAI:NOME_AREA,FUNAI:PERIMETRO,FUNAI:REV,FUNAI:SITUACAO,FUNAI:TITULO,population,designation,alt_name,ownership,name:en,wikidata,wikipedia,loc_name,old_name,related_law,start_date,note,protect_area,protect_title,website,heritage,source:law,FUNAI:OBS_AREA,fixme,description
protected_area,"Apiaká/Koyabi, Kayabi, Munduruku",nature_reserve,Terra Indígena Kayabi,Fundação Nacional do Índio,24,terra indígena,22902,Funai,multipolygon,relation/2670412,,,,,,,,,,,,,,,,,,,,,,,,,,,,,,,,,,,,,,,,,
protected_area,,nature_reserve,Pindoty,Fundação Nacional do Índio,24,terra indígena,,Funai,boundary,relation/2670416,"Araquari;Balneário Barra do Sul",SC,political,,,,,,,,,,,,,,,,,,,,,,,,,,,,,,,,,,,,,,
protected_area,,nature_reserve,Terra Indígena Uneiuxi,Fundação Nacional do Índio,24,Terra Indígena,48101,Funai,multipolygon,relation/2670421,"Japurá;Santa Isabel do Rio Negro",AM,political,Manaus,XII,554730.4117,Memora Dem,48102,2010/07/13 00:00:00,Memo/CGD - Libera peças técnicas,Processo de homologação,Revisão,305,558,"Makú, Tukano",TI Uneiuxi,Uneiuxi,510771.66,2,Declarada,Memorando nº 128/CGGEO/2010,160,,,,,,,,,,,,,,,,,,,
protected_area,,nature_reserve,Reserva Indígena Terena Gleba Iriri,Fundação Nacional do Índio,24,reserva indígena,44901,,multipolygon,relation/3542538,,,,,,,,,,,,,,,,,,,,,,,,,,,,,,,,,,,,,,,,,
protected_area,,nature_reserve,Terra Indígena Apyterewa,Fundação Nacional do Índio,24,terra indígena,3002,,multipolygon,relation/3542560,,,,,,,,,,,,,,,,,,,,,,,,,,,,,,,,,,,,,,,,,
protected_area,,nature_reserve,Terra Indígena Arara,Fundação Nacional do Índio,24,terra indígena,3201,,boundary,relation/3542561,,,,,,,,,,,,,,,,,,,,,,,,,,,,,,,,,,,,,,,,,
protected_area,,nature_reserve,Terra Indígena Araweté Igarapé Ipixuna,Fundação Nacional do Índio,24,terra indígena,3801,,multipolygon,relation/3542562,,,,,,,,,,,,,,,,,,,,,,,,,,,,,,,,,,,,,,,,,
protected_area,,nature_reserve,Terra Indígena Badjonkore,Fundação Nacional do Índio,24,terra indígena,5001,,multipolygon,relation/3542563,,,,,,,,,,,,,,,,,,,,,,,,,,,,,,,,,,,,,,,,,
protected_area,,nature_reserve,Terra Indígena Baú,Fundação Nacional do Índio,24,terra indígena,6101,,multipolygon,relation/3542564,,,,,,,,,,,,,,,,,,,,,,,,,,,,,,,,,,,,,,,,,
protected_area,,nature_reserve,Terra Indígena Capoto/Jarina,Fundação Nacional do Índio,24,terra indígena,9201,,multipolygon,relation/3542565,,,,,,,,,,,,,,,,,,,,,,,,,,,,,,,,,,,,,,,,,
protected_area,,nature_reserve,Terra Indígena Kararaô,Fundação Nacional do Índio,24,terra indígena,21501,Funai,multipolygon,relation/3542566,,,,,,,,,,,,,,,,,,,,,,,,,,,,,,,,,,,,,,,,,
protected_area,,nature_reserve,Terra Indígena Kayapó,Fundação Nacional do Índio,24,terra indígena,23001,,multipolygon,relation/3542567,,,,,,,,,,,,,,,,,,,,,,,,,,,,,,,,,,,,,,,,,
protected_area,,nature_reserve,Terra Indígena Koatinemo,Fundação Nacional do Índio,24,terra indígena,23201,,multipolygon,relation/3542568,,,,,,,,,,,,,,,,,,,,,,,,,,,,,,,,,,,,,,,,,
protected_area,,nature_reserve,Terra Indígena Kuruáya,Fundação Nacional do Índio,24,terra indígena,38902,,multipolygon,relation/3542569,,,,,,,,,,,,,,,,,,,,,,,,,,,,,,,,,,,,,,,,,
protected_area,,nature_reserve,Terra Indígena Menkragnoti,Fundação Nacional do Índio,24,terra indígena,28701,,boundary,relation/3542570,,,,,,,,,,,,,,,,,,,,,,,,,,,,,,,,,,,,,,,,,
protected_area,,nature_reserve,Terra Indígena Panará,Fundação Nacional do Índio,24,terra indígena,32201,,multipolygon,relation/3542571,,,,,,,,,,,,,,,,,,,,,,,,,,,,,,,,,,,,,,,,,
protected_area,,nature_reserve,Terra Indígena Parque do Xingu,Fundação Nacional do Índio,24,terra indígena,33801,,multipolygon,relation/3542572,,,,,,,,,,,,,,,,,,,,,,,,,,,,,,,,,,,,,,,,,
protected_area,,nature_reserve,Terra Indígena Trincheira Bacaja,Fundação Nacional do Índio,24,terra indígena,46201,,multipolygon,relation/3542573,,,,,,,,,,,,,,,,,,,,,,,,,,,,,,,,,,,,,,,,,
protected_area,,nature_reserve,Terra Indígena Wawi,Fundação Nacional do Índio,24,terra indígena,49801,,multipolygon,relation/3542574,,,,,,,,,,,,,,,,,,,,,,,,,,,,,,,,,,,,,,,,,
protected_area,,nature_reserve,Terra Indígena Xikrin do Rio Catete,Fundação Nacional do Índio,24,terra indígena,50501,,multipolygon,relation/3542575,,,,,,,,,,,,,,,,,,,,,,,,,,,,,,,,,,,,,,,,,
protected_area,,nature_reserve,Terra Indígena Xipaya,Fundação Nacional do Índio,24,terra indígena,50601,Funai,multipolygon,relation/3542576,,,,,,,,,,,,,,,,,,,,,,,,,,,,,,,,,,,,,,,,,
protected_area,,nature_reserve,Terra Indígena Igarapé Lage,Fundação Nacional do Índio,24,terra indígena,16101,,multipolygon,relation/3614764,,,,,,,,,,,,,,,,,,,,,,,,,,,,,,,,,,,,,,,,,
protected_area,,nature_reserve,Terra Indígena Karipuna,Fundação Nacional do Índio,24,terra indígena,21601,,multipolygon,relation/3614765,,,,,,,,,,,,,,,,,,,,,,,,,,,,,,,,,,,,,,,,,
protected_area,,nature_reserve,Terra Indígena Karitiana,Fundação Nacional do Índio,24,terra indígena,21801,,multipolygon,relation/3614766,,,,,,,,,,,,,,,,,,,,,,,,,,,,,,,,,,,,,,,,,
protected_area,,nature_reserve,Terra Indígena Massaco,Fundação Nacional do Índio,24,terra indígena,27701,,multipolygon,relation/3614767,,,,,,,,,,,,,,,,,,,,,,,,,,,,,,,,,,,,,,,,,
protected_area,,nature_reserve,Terra Indígena Pacaas Novas,Fundação Nacional do Índio,24,terra indígena,31601,,multipolygon,relation/3614768,,,,,,,,,,,,,,,,,,,,,,,,,,,,,,,,,,,,,,,,,
protected_area,,nature_reserve,Terra Indígena Rio Branco,Fundação Nacional do Índio,24,terra indígena,38601,,multipolygon,relation/3614769,,,,,,,,,,,,,,,,,,,,,,,,,,,,,,,,,,,,,,,,,
protected_area,,nature_reserve,Terra Indígena Rio Guaporé,Fundação Nacional do Índio,24,terra indígena,39501,,multipolygon,relation/3614770,,,,,,,,,,,,,,,,,,,,,,,,,,,,,,,,,,,,,,,,,
protected_area,,nature_reserve,Terra Indígena Rio Mequens,Fundação Nacional do Índio,24,terra indígena,39801,,multipolygon,relation/3614771,,,,,,,,,,,,,,,,,,,,,,,,,,,,,,,,,,,,,,,,,
protected_area,,nature_reserve,Terra Indígena Rio Negro Ocaia,Fundação Nacional do Índio,24,terra indígena,40001,,multipolygon,relation/3614772,,,,,,,,,,,,,,,,,,,,,,,,,,,,,,,,,,,,,,,,,
protected_area,,nature_reserve,Terra Indígena Sagarana,Fundação Nacional do Índio,24,terra indígena,40801,,multipolygon,relation/3614773,,,,,,,,,,,,,,,,,,,,,,,,,,,,,,,,,,,,,,,,,
protected_area,,nature_reserve,Terra Indígena Uru-Eu-Wau-Wau,Fundação Nacional do Índio,24,terra indígena,48201,,multipolygon,relation/3614774,,,,,,,,,,,,,,,,,,,,,,,,,,,,,,,,,,,,,,,,,
protected_area,,nature_reserve,Terra Indígena Apiaka/Kayabi,Fundação Nacional do Índio,24,terra indígena,2301,,multipolygon,relation/3662502,,,,,,,,,,,,,,,,,,,,,,,,,,,,,,,,,,,,,,,,,
protected_area,,nature_reserve,Terra Indígena Arara do Rio Branco,Fundação Nacional do Índio,24,terra indígena,3301,,multipolygon,relation/3662503,,,,,,,,,,,,,,,,,,,,,,,,,,,,,,,,,,,,,,,,,
protected_area,,nature_reserve,Terra Indígena Aripuanã,Fundação Nacional do Índio,24,terra indígena,4201,,multipolygon,relation/3662504,,,,,,,,,,,,,,,,,,,,,,,,,,,,,,,,,,,,,,,,,
protected_area,,nature_reserve,Terra Indígena Escondido,Fundação Nacional do Índio,24,terra indígena,11501,,multipolygon,relation/3662505,,,,,,,,,,,,,,,,,,,,,,,,,,,,,,,,,,,,,,,,,
protected_area,,nature_reserve,Terra Indígena Igarapé Lourdes,Fundação Nacional do Índio,24,terra indígena,16201,,multipolygon,relation/3662506,,,,,,,,,,,,,,,,,,,,,,,,,,,,,,,,,,,,,,,,,
protected_area,,nature_reserve,Terra Indígena Japuira,Fundação Nacional do Índio,24,terra indígena,18601,,multipolygon,relation/3662507,,,,,,,,,,,,,,,,,,,,,,,,,,,,,,,,,,,,,,,,,
protected_area,,nature_reserve,Terra Indígena Munduruku,Fundação Nacional do Índio,24,terra indígena,29801,,multipolygon,relation/3662508,,,,,,,,,,,,,,,,,,,,,,,,,,,,,,,,,,,,,,,,,
protected_area,,nature_reserve,Terra Indígena Parque do Aripuanã,Fundação Nacional do Índio,24,terra indígena,33601,,multipolygon,relation/3662509,,,,,,,,,,,,,,,,,,,,,,,,,,,,,,,,,,,,,,,,,
protected_area,,nature_reserve,Terra Indígena Roosevelt,Fundação Nacional do Índio,24,terra indígena,40701,,multipolygon,relation/3662510,,,,,,,,,,,,,,,,,,,,,,,,,,,,,,,,,,,,,,,,,
protected_area,,nature_reserve,Terra Indígena Sai-Cinza,Fundação Nacional do Índio,24,terra indígena,40901,,boundary,relation/3662512,,,,,,,,,,,,,,,,,,,,,,,,,,,,,,,,,,,,,,,,,
protected_area,,nature_reserve,Terra Indígena Serra Morena,Fundação Nacional do Índio,24,terra indígena,42601,,multipolygon,relation/3662513,,,,,,,,,,,,,,,,,,,,,,,,,,,,,,,,,,,,,,,,,
protected_area,,nature_reserve,Terra Indígena Sete de Setembro,Fundação Nacional do Índio,24,terra indígena,43001,,multipolygon,relation/3662514,,,,,,,,,,,,,,,,,,,,,,,,,,,,,,,,,,,,,,,,,
protected_area,,nature_reserve,Terra Indígena Zoró,Fundação Nacional do Índio,24,terra indígena,51101,,multipolygon,relation/3662515,,,,,,,,,,,,,,,,,,,,,,,,,,,,,,,,,,,,,,,,,
protected_area,,nature_reserve,Terra Indígena Manoa/Pium,Fundação Nacional do Índio,24,terra indígena,26501,,multipolygon,relation/3810600,,,,,,,,,,,,,,,,,,,,,,,,,,,,,,,,,,,,,,,,,
protected_area,,nature_reserve,Terra Indígena Malacacheta,Fundação Nacional do Índio,24,terra indígena,26101,,multipolygon,relation/3810617,,,,,,,,,,,,,,,,,,,,,,,,,,,,,,,,,,,,,,,,,
protected_area,,nature_reserve,Terra Indígena Zoe,Fundação Nacional do Índio,24,terra indígena,51001,,multipolygon,relation/3810655,,,,,,,,,,,,,,,,,,,,,,,,,,,,,,,,,,,,,,,,,
protected_area,,nature_reserve,Terra Indígena Muriru,Fundação Nacional do Índio,24,terra indígena,30001,,multipolygon,relation/3810665,,,,,,,,,,,,,,,,,,,,,,,,,,,,,,,,,,,,,,,,,
protected_area,,nature_reserve,Terra Indígena Moskow,Fundação Nacional do Índio,24,terra indígena,29701,,multipolygon,relation/3810671,,,,,,,,,,,,,,,,,,,,,,,,,,,,,,,,,,,,,,,,,
protected_area,,nature_reserve,Terra Indígena São Marcos - RR,Fundação Nacional do Índio,24,terra indígena,58401,,boundary,relation/3810732,,,,,,,,,,,,,,,,,,,,,,,,,,,,,,,,,,,,,,,,,
protected_area,,nature_reserve,Terra Indígena Parque do Tumucumaque,Fundação Nacional do Índio,24,terra indígena,33701,Funai,multipolygon,relation/3810776,,,,,,,,,,,,,,,,,,,,,,,,,,,,,,,,,,,,,,,,,
protected_area,,nature_reserve,Terra Indígena Rio Paru d'Este,Fundação Nacional do Índio,24,terra indígena,40201,Funai,multipolygon,relation/3810821,,,,,,,,,,,,,,,,,,,,,,,,,,,,,,,,,,,,,,,,,
protected_area,,nature_reserve,Terra Indígena Nhamundá/Mapuera,Fundação Nacional do Índio,24,terra indígena,30501,,multipolygon,relation/3810829,,,,,,,,,,,,,,,,,,,,,,,,,,,,,,,,,,,,,,,,,
,,nature_reserve,Igarapé,Fundação Nacional do Índio,24,terra indígena,37901,,multipolygon,relation/3810871,,,,,,,,,,,,,,,,,,,,,,,Perímetro da Cidade do Uiramutã,,,,,,,,,,,,,,,,,,
protected_area,,nature_reserve,Terra Indígena WaiWái,Fundação Nacional do Índio,24,terra indígena,49601,Funai,boundary,relation/3810930,,,,,,,,,,,,,,,,,,,,,,,,"Terra Indígena Wai-Wai; Terra Indígena Uaiuai",,,,,,,,,,,,,,,,,
protected_area,,nature_reserve,Terra Indígena Canauanim,Fundação Nacional do Índio,24,terra indígena,8801,,multipolygon,relation/3810935,,,,,,,,,,,,,,,,,,,,,,,,,,,,,,,,,,,,,,,,,
protected_area,,nature_reserve,Terra Indígena Tabalascada,Fundação Nacional do Índio,24,terra indígena,43501,,multipolygon,relation/3810952,,,,,,,,,,,,,,,,,,,,,,,,,,,,,,,,,,,,,,,,,
protected_area,,nature_reserve,Terra Indígena Bom Jesus,Fundação Nacional do Índio,24,terra indígena,6601,,multipolygon,relation/3810956,,,,,,,,,,,,,,,,,,,,,,,,,,,,,,,,,,,,,,,,,
protected_area,,nature_reserve,Terra Indígena Trombetas/Mapuera,Fundação Nacional do Índio,24,terra indígena,46401,,multipolygon,relation/3811140,,,,,,,,,,,,,,,,,,,,,,,,,,,,,,,,,,,,,,,,,
protected_area,,nature_reserve,Terra Indígena Jabuti,Fundação Nacional do Índio,24,terra indígena,17801,,multipolygon,relation/3811153,,,,,,,,,,,,,,,,,,,,,,,,,,,,,,,,,,,,,,,,,
protected_area,,nature_reserve,Terra Indígena Galibi,Fundação Nacional do Índio,24,terra indígena,13301,,multipolygon,relation/3811200,,,,,,,,,,,,,,,,,,,,,,,,,,,,,,,,,,,,,,,,,
protected_area,,nature_reserve,Terra Indígena Uaça,Fundação Nacional do Índio,24,terra indígena,47601,,boundary,relation/3811201,,,,,,,,,,,,,,,,,,,,,,,,,,,,,,,,,,,,,,,,,
protected_area,,nature_reserve,Terra Indígena Waiãpi,Fundação Nacional do Índio,24,terra indígena,49401,,multipolygon,relation/3811320,,,,,,,,,,,,,,,,,,,,,,,,,,,,,,,,,,,,,,,,,
protected_area,,nature_reserve,Terra Indígena Jumina,Fundação Nacional do Índio,24,terra indígena,19701,,boundary,relation/3811334,,,,,,,,,,,,,,,,,,,,,,,,,,,,,,,,,,,,,,,,,
,,,Terra Jacamim,Fundação Nacional do Índio,24,terra indígena,17901,,multipolygon,relation/3811340,,,,,,,,,,,,,,,,,,,,,,,,,,,,,,,,,,,,,,,,,
protected_area,,nature_reserve,Terra Indígena Waimiri-Atroari,Fundação Nacional do Índio,24,terra indígena,49501,,multipolygon,relation/3811378,,,,,,,,,,,,,,,,,,,,,,,,,,,,,,,,,,,,,,,,,
protected_area,,nature_reserve,Terra Indígena Kaxinawá Nova Olinda,Fundação Nacional do Índio,24,terra indígena,22701,,multipolygon,relation/3816969,,,,,,,,,,,,,,,,,,,,,,,,,,,,,,,,,,,,,,,,,
protected_area,,nature_reserve,Terra Indígena Vale do Javari,Fundação Nacional do Índio,24,terra indígena,48701,,multipolygon,relation/3816970,,,,,,,,,,,,,,,,,,,,,,,,,,,,,,,,,,,,,,,,,
protected_area,,nature_reserve,Terra Indígena Kaxinawá do Rio Jordão,Fundação Nacional do Índio,24,terra indígena,22601,,multipolygon,relation/3816979,,,,,,,,,,,,,,,,,,,,,,,,,,,,,,,,,,,,,,,,,
protected_area,,nature_reserve,Terra Indígena Kaxinawá do Rio Humaitá,Fundação Nacional do Índio,24,terra indígena,22501,,multipolygon,relation/3816980,,,,,,,,,,,,,,,,,,,,,,,,,,,,,,,,,,,,,,,,,
protected_area,,nature_reserve,Terra Indígena Kaxinawá do Baixo Rio Jordão,Fundação Nacional do Índio,24,terra indígena,22401,,multipolygon,relation/3816989,,,,,,,,,,,,,,,,,,,,,,,,,,,,,,,,,,,,,,,,,
protected_area,,nature_reserve,Terra Indígena Kaxinawá da Praia do Carapanã,Fundação Nacional do Índio,24,terra indígena,22301,,multipolygon,relation/3816990,,,,,,,,,,,,,,,,,,,,,,,,,,,,,,,,,,,,,,,,,
protected_area,,nature_reserve,Terra Indígena Kaxinawá Ashaninka do Rio Breu,Fundação Nacional do Índio,24,terra indígena,22101,,multipolygon,relation/3817041,,,,,,,,,,,,,,,,,,,,,,,,,,,,,,,,,,,,,,,,,
protected_area,,nature_reserve,Terra Indígena Katukina/Kaxinawá,Fundação Nacional do Índio,24,terra indígena,21901,,multipolygon,relation/3817059,,,,,,,,,,,,,,,,,,,,,,,,,,,,,,,,,,,,,,,,,
protected_area,,nature_reserve,Terra Indígena Kampa e Isolados do Rio Envira,Fundação Nacional do Índio,24,terra indígena,20501,,multipolygon,relation/3817070,,,,,,,,,,,,,,,,,,,,,,,,,,,,,,,,,,,,,,,,,
protected_area,,nature_reserve,Terra Indígena Barro Alto,Fundação Nacional do Índio,24,terra indígena,52201,Funai,multipolygon,relation/3817072,,,,,,,,,,,,,,,,,,,,,,,,,,,,,,,,,,,,,,,,,
protected_area,,nature_reserve,Terra Indígena Betania,Fundação Nacional do Índio,24,terra indígena,6201,Funai,multipolygon,relation/3817073,,,,,,,,,,,,,,,,,,,,,,,,,,,,,,,,,,,,,,,,,
protected_area,,nature_reserve,Terra Indígena Bom Intento,Fundação Nacional do Índio,24,terra indígena,6501,Funai,boundary,relation/3817074,,,,,,,,,,,,,,,,,,,,,,,,,national,,,,,,,,,,,,,,,,
protected_area,,nature_reserve,Terra Indígena Cuiu-Cuiu,Fundação Nacional do Índio,24,terra indígena,10701,Funai,multipolygon,relation/3817075,,,,,,,,,,,,,,,,,,,,,,,,,,,,,,,,,,,,,,,,,
protected_area,,nature_reserve,Terra Indígena Espírito Santo,Fundação Nacional do Índio,24,terra indígena,11601,Funai,multipolygon,relation/3817076,,,,,,,,,,,,,,,,,,,,,,,,,,,,,,,,,,,,,,,,,
protected_area,,nature_reserve,Terra Indígena Estrela da Paz,Fundação Nacional do Índio,24,terra indígena,12001,Funai,boundary,relation/3817077,,,,,,,,,,,,,,,,,,,,,,,,,,,,,,,,,,,,,,,,,
protected_area,,nature_reserve,Terra Indígena Kumaru do Lago Ualá,Fundação Nacional do Índio,24,terra indígena,24001,Funai,boundary,relation/3817078,,,,,,,,,,,,,,,,,,,,,,,,,,,,,,,,,,,,,,,,,
protected_area,,nature_reserve,Terra Indígena Lago do Correio,Fundação Nacional do Índio,24,terra indígena,52701,Funai,multipolygon,relation/3817079,,,,,,,,,,,,,,,,,,,,,,,,,,,,,,,,,,,,,,,,,
protected_area,,nature_reserve,Terra Indígena Macarrão,Fundação Nacional do Índio,24,terra indígena,25901,Funai,boundary,relation/3817080,,,,,,,,,,,,,,,,,,,,,,,,,,,,,,,,,,,,,,,,,
protected_area,,nature_reserve,Terra Indígena Maraitá,Fundação Nacional do Índio,24,terra indígena,26801,Funai,multipolygon,relation/3817081,,,,,,,,,,,,,,,,,,,,,,,,,,,,,,,,,,,,,,,,,
protected_area,,nature_reserve,Terra Indígena Maraã Urubaxi,Fundação Nacional do Índio,24,terra indígena,26701,Funai,multipolygon,relation/3817082,,,,,,,,,,,,,,,,,,,,,,,,,,,,,,,,,,,,,,,,,
protected_area,,nature_reserve,Terra Indígena Matintin,Fundação Nacional do Índio,24,terra indígena,28101,Funai,multipolygon,relation/3817083,,,,,,,,,,,,,,,,,,,,,,,,,,,,,,,,,,,,,,,,,
protected_area,,nature_reserve,Terra Indígena Miratu,Fundação Nacional do Índio,24,terra indígena,29201,Funai,boundary,relation/3817084,,,,,,,,,,,,,,,,,,,,,,,,,,,,,,,,,,,,,,,,,
protected_area,,nature_reserve,Terra Indígena Nova Esperança do Rio Jandiatuba,Fundação Nacional do Índio,24,terra indígena,31001,Funai,boundary,relation/3817085,,,,,,,,,,,,,,,,,,,,,,,,,,,,,,,,,,,,,,,,,
protected_area,,nature_reserve,Terra Indígena Parana do Boa Boa,Fundação Nacional do Índio,24,Terra Indígena,33101,Funai,multipolygon,relation/3817086,,AM,political,,,,,,,,,,,,,,,,,,,,,,national,,,,,,,,,,,,,,,,
protected_area,,nature_reserve,Terra Indígena Parana do Paricá,Fundação Nacional do Índio,24,terra indígena,33201,Funai,multipolygon,relation/3817087,,,,,,,,,,,,,,,,,,,,,,,,,,,,,,,,,,,,,,,,,
protected_area,,nature_reserve,Terra Indígena Porto Praia,Fundação Nacional do Índio,24,terra indígena,36801,Funai,boundary,relation/3817088,,,,,,,,,,,,,,,,,,,,,,,,,,,,,,,,,,,,,,,,,
protected_area,,nature_reserve,Terra Indígena Prosperidade,Fundação Nacional do Índio,24,terra indígena,53401,Funai,multipolygon,relation/3817089,,,,,,,,,,,,,,,,,,,,,,,,,,,,,,,,,,,,,,,,,
protected_area,,nature_reserve,Terra Indígena Rio Apaporis,Fundação Nacional do Índio,24,terra indígena,38201,Funai,boundary,relation/3817090,,,,,,,,,,,,,,,,,,,,,,,,,,,,,,,,,,,,,,,,,
protected_area,,nature_reserve,Terra Indígena Rio Biá,Fundação Nacional do Índio,24,terra indígena,38501,Funai,multipolygon,relation/3817091,,,,,,,,,,,,,,,,,,,,,,,,,,,,,,,,,,,,,,,,,
protected_area,,nature_reserve,Terra Indígena Rio Téa,Fundação Nacional do Índio,24,terra indígena,40401,Funai,boundary,relation/3817092,,,,,,,,,,,,,,,,,,,,,,,,,,,,,,,,,,,,,,,,,
protected_area,,nature_reserve,Terra Indígena Santa Cruz da Nova Aliança,Fundação Nacional do Índio,24,terra indígena,53601,Funai,multipolygon,relation/3817093,,,,,,,,,,,,,,,,,,,,,,,,,,,,,,,,,,,,,,,,,
protected_area,,nature_reserve,Terra Indígena Sapotal,Fundação Nacional do Índio,24,terra indígena,51501,Funai,multipolygon,relation/3817094,,,,,,,,,,,,,,,,,,,,,,,,,,,,,,,,,,,,,,,,,
protected_area,,nature_reserve,Terra Indígena São Domingos do Jacapari e Estação,Fundação Nacional do Índio,24,terra indígena,58201,Funai,multipolygon,relation/3817095,,,,,,,,,,,,,,,,,,,,,,,,,,,,,,,,,,,,,,,,,
protected_area,,nature_reserve,Terra Indígena São Francisco do Canimari,Fundação Nacional do Índio,24,terra indígena,41501,Funai,multipolygon,relation/3817096,,,,,,,,,,,,,,,,,,,,,,,,,,,,,,,,,,,,,,,,,
protected_area,,nature_reserve,Terra Indígena São Leopoldo,Fundação Nacional do Índio,24,terra indígena,41701,Funai,multipolygon,relation/3817097,,,,,,,,,,,,,,,,,,,,,,,,,,,,,,,,,,,,,,,,,
protected_area,,nature_reserve,Terra Indígena São Sebastião,Fundação Nacional do Índio,24,terra indígena,42001,Funai,multipolygon,relation/3817098,,,,,,,,,,,,,,,,,,,,,,,,,,,,,,,,,,,,,,,,,
protected_area,,nature_reserve,Terra Indígena Tikúna de Feijoal,Fundação Nacional do Índio,24,terra indígena,45301,Funai,multipolygon,relation/3817099,,,,,,,,,,,,,,,,,,,,,,,,,,,,,,,,,,,,,,,,,
protected_area,,nature_reserve,Terra Indígena Tukuna Umariaçu,Fundação Nacional do Índio,24,terra indígena,47001,Funai,multipolygon,relation/3817100,,,,,,,,,,,,,,,,,,,,,,,,,,,,,,,,,,,,,,,,,
protected_area,,nature_reserve,Terra Indígena Tupã-Supé,Fundação Nacional do Índio,24,terra indígena,47201,Funai,multipolygon,relation/3817101,,,,,,,,,,,,,,,,,,,,,,,,,,,,,,,,,,,,,,,,,
protected_area,,nature_reserve,Terra Indígena Uati-Paraná,Fundação Nacional do Índio,24,terra indígena,47701,Funai,multipolygon,relation/3817102,,,,,,,,,,,,,,,,,,,,,,,,,,,,,,,,,,,,,,,,,
protected_area,,nature_reserve,Terra Indígena Vui-Uata-In,Fundação Nacional do Índio,24,terra indígena,49301,Funai,boundary,relation/3817103,,,,,,,,,,,,,,,,,,,,,,,,,,,,,,,,,,,,,,,,,
protected_area,,nature_reserve,Terra Indígena Évare I,Fundação Nacional do Índio,24,terra indígena,12101,Funai,multipolygon,relation/3817104,,,,,,,,,,,,,,,,,,,,,,,,,,,,,,,,,,,,,,,,,
protected_area,,nature_reserve,Terra Indígena Évare II,Fundação Nacional do Índio,24,terra indígena,12201,Funai,multipolygon,relation/3817105,,,,,,,,,,,,,,,,,,,,,,,,,,,,,,,,,,,,,,,,,
protected_area,,nature_reserve,Terra Indígena Kampa do Rio Amonea,Fundação Nacional do Índio,24,terra indígena,20401,,multipolygon,relation/3817118,,,,,,,,,,,,,,,,,,,,,,,,,,,,,,,,,,,,,,,,,
protected_area,,nature_reserve,Terra Indígena Kulina do Rio Envira,Fundação Nacional do Índio,24,terra indígena,23801,Funai,multipolygon,relation/3817127,,,,,,,,,,,,,,,,,,,,,,,,,,,,,,,,,,,,,,,,,
protected_area,,nature_reserve,Terra Indígena Alto Rio Purus,Fundação Nacional do Índio,24,terra indígena,1201,,multipolygon,relation/3817135,,,,,,,,,,,,,,,,,,,,,,,,,,,,,,,,,,,,,,,,,
protected_area,,nature_reserve,Terra Indígena Kulina Igarapé do Pau,Fundação Nacional do Índio,24,terra indígena,23901,Funai,multipolygon,relation/3817140,,,,,,,,,,,,,,,,,,,,,,,,,,,,,,,,,,,,,,,,,
protected_area,,nature_reserve,Terra Indígena Arara do Igarapé Humaitá,Fundação Nacional do Índio,24,terra indígena,3401,,multipolygon,relation/3817145,,,,,,,,,,,,,,,,,,,,,,,,,,,,,,,,,,,,,,,,,
protected_area,,nature_reserve,Terra Indígena Riozinho do Alto Envira,Fundação Nacional do Índio,24,terra indígena,51301,,multipolygon,relation/3817150,,,,,,,,,,,,,,,,,,,,,,,,,,,,,,,,,,,,,,,,,
protected_area,,nature_reserve,Terra Indígena Alto Tarauacá,Fundação Nacional do Índio,24,terra indígena,1401,,multipolygon,relation/3817152,,,,,,,,,,,,,,,,,,,,,,,,,,,,,,,,,,,,,,,,,
protected_area,,nature_reserve,Terra Indígena Kulina do Médio Juruá,Fundação Nacional do Índio,24,terra indígena,23701,Funai,multipolygon,relation/3817157,,,,,,,,,,,,,,,,,,,,,,,,,,,,,,,,,,,,,,,,,
protected_area,,nature_reserve,Terra Indígena Cacau do Tarauaca,Fundação Nacional do Índio,24,terra indígena,7401,,multipolygon,relation/3817158,,,,,,,,,,,,,,,,,,,,,,,,,,,,,,,,,,,,,,,,,
protected_area,,nature_reserve,Terra Indígena Cabeceira do Rio Acre,Fundação Nacional do Índio,24,terra indígena,7301,,multipolygon,relation/3817165,,,,,,,,,,,,,,,,,,,,,,,,,,,,,,,,,,,,,,,,,
protected_area,,nature_reserve,Terra Indígena Rio Gregório,Fundação Nacional do Índio,24,terra indígena,39401,,multipolygon,relation/3817166,,,,,,,,,,,,,,,,,,,,,,,,,,,,,,,,,,,,,,,,,
protected_area,,nature_reserve,Terra Indígena Igarapé do Caucho,Fundação Nacional do Índio,24,terra indígena,15701,,multipolygon,relation/3817169,,,,,,,,,,,,,,,,,,,,,,,,,,,,,,,,,,,,,,,,,
protected_area,,nature_reserve,Terra Indígena Nukini,Fundação Nacional do Índio,24,terra indígena,31301,,multipolygon,relation/3817175,,,,,,,,,,,,,,,,,,,,,,,,,,,,,,,,,,,,,,,,,
protected_area,,nature_reserve,Terra Indígena Poyanawa,Fundação Nacional do Índio,24,terra indígena,37201,,multipolygon,relation/3817177,,,,,,,,,,,,,,,,,,,,,,,,,,,,,,,,,,,,,,,,,
protected_area,,nature_reserve,Terra Indígena Campinas/Katukina,Fundação Nacional do Índio,24,terra indígena,8601,,multipolygon,relation/3817192,,,,,,,,,,,,,,,,,,,,,,,,,,,,,,,,,,,,,,,,,
protected_area,,nature_reserve,Terra Indígena Mamoadate,Fundação Nacional do Índio,24,terra indígena,26201,,multipolygon,relation/3817218,,,,,,,,,,,,,,,,,,,,,,,,,,,,,,,,,,,,,,,,,
protected_area,,nature_reserve,Terra Indígena Jaminawa Arara do Rio Bagé,Fundação Nacional do Índio,24,terra indígena,18401,,multipolygon,relation/3817220,,,,,,,,,,,,,,,,,,,,,,,,,,,,,,,,,,,,,,,,,
protected_area,,nature_reserve,Terra Indígena Jaminaua/Envira,Fundação Nacional do Índio,24,terra indígena,18301,,multipolygon,relation/3817223,,,,,,,,,,,,,,,,,,,,,,,,,,,,,,,,,,,,,,,,,
protected_area,,nature_reserve,Terra Indígena Mawetek,Fundação Nacional do Índio,24,terra indígena,28201,,multipolygon,relation/3817225,,,,,,,,,,,,,,,,,,,,,,,,,,,,,,,,,,,,,,,,,
protected_area,,nature_reserve,Terra Indígena Kampa do Igarapé Primavera,Fundação Nacional do Índio,24,terra indígena,20301,,multipolygon,relation/3817227,,,,,,,,,,,,,,,,,,,,,,,,,,,,,,,,,,,,,,,,,
protected_area,,nature_reserve,Terra Indígena Jaminawa do Igarapé Preto,Fundação Nacional do Índio,24,terra indígena,18501,,multipolygon,relation/3817230,,,,,,,,,,,,,,,,,,,,,,,,,,,,,,,,,,,,,,,,,
protected_area,,nature_reserve,Terra Indígena Brejo do Burgo,Fundação Nacional do Índio,24,terra indígena,6901,Funai,boundary,relation/3819785,,,,,,,,,,,,,,,,,,,,,,,,,,,,,,,,,,,,,,,,,
protected_area,,nature_reserve,Terra Indígena Entre Serras,Fundação Nacional do Índio,24,terra indígena,11301,Funai,boundary,relation/3819786,,,,,,,,,,,,,,,,,,,,,,,,,,,,,,,,,,,,,,,,,
protected_area,,nature_reserve,Terra Indígena Jacaré de São Domingos,Fundação Nacional do Índio,24,terra indígena,18001,Funai,boundary,relation/3819787,,,,,,,,,,,,,,,,,,,,,,,,,,,,,,,,,,,,,,,,,
protected_area,,nature_reserve,Terra Indígena Kapinawá,Fundação Nacional do Índio,24,terra indígena,20901,Funai,boundary,relation/3819788,,,,,,,,,,,,,,,,,,,,,,,,,,,,,,,,,,,,,,,,,
protected_area,,nature_reserve,Terra Indígena Pankararu,Fundação Nacional do Índio,24,terra indígena,32401,Funai,boundary,relation/3819789,,,,,,,,,,,,,,,,,,,,,,,,,,,,,,,,,,,,,,,,,
protected_area,,nature_reserve,Terra Indígena Pankararé,Fundação Nacional do Índio,24,terra indígena,32301,Funai,boundary,relation/3819790,,,,,,,,,,,,,,,,,,,,,,,,,,,,,,,,,,,,,,,,,
protected_area,,nature_reserve,Terra Indígena Potiguara,Fundação Nacional do Índio,24,terra indígena,36901,Funai,boundary,relation/3819791,,,,,,,,,,,,,,,,,,,,,,,,,,,,,,,,,,,,,,,,,
protected_area,,nature_reserve,Terra Indígena Truká,Fundação Nacional do Índio,24,terra indígena,46601,,multipolygon,relation/3819793,,,,,,,,,,,,,,,,,,,,,,,,,,,,,,,,,,,,,,,,,
protected_area,,nature_reserve,Terra Indígena Xukuru,Fundação Nacional do Índio,24,terra indígena,50801,,multipolygon,relation/3819794,,,,,,,,,,,,,,,,,,,,,,,,,,,,,,,,,,,,,,,,,
protected_area,,nature_reserve,Terra Indígena Alto Rio Negro,Fundação Nacional do Índio,24,terra indígena,1101,Funai,boundary,relation/3910734,,,,,,,,,,,,,,,,,,,,,,,,,,,,,,,,,,,,,,,,,
protected_area,,nature_reserve,Terra Indígena Médio Rio Negro I,Fundação Nacional do Índio,24,terra indígena,28501,Funai,multipolygon,relation/3910794,,,,,,,,,,,,,,,,,,,,,,,,,,,,,,,,,,,,,,,,,
protected_area,,nature_reserve,Terra Indígena Médio Rio Negro II,Fundação Nacional do Índio,24,terra indígena,28601,Funai,multipolygon,relation/3910799,,,,,,,,,,,,,,,,,,,,,,,,,,,,,,,,,,,,,,,,,
protected_area,,nature_reserve,Terra Indígena Yanomami,Fundação Nacional do Índio,24,terra indígena,50901,,boundary,relation/3910901,,,,,,,,,,,,,,,,,,,,,,,,,,,,,,,,,,,,,,,,,
protected_area,,nature_reserve,Terra Indígena Anaro,Fundação Nacional do Índio,24,terra indígena,51601,,multipolygon,relation/3910903,,,,,,,,,,,,,,,,,,,,,,,,,,,,,,,,,,,,,,,,,
protected_area,,nature_reserve,Terra Indígena Ouro,Fundação Nacional do Índio,24,terra indígena,31501,,boundary,relation/3910905,,,,,,,,,,,,,,,,,,,,,,,,,,,,,,,,,,,,,,,,,
protected_area,,,Terra Indígena Pium,Fundação Nacional do Índio,24,terra indígena,36301,,multipolygon,relation/3910907,,,,,,,,,,,,,,,,,,,,,,,,,,,,,,,,,,,,,,,,,
protected_area,,nature_reserve,Terra Indígena Aningal,Fundação Nacional do Índio,24,terra indígena,2101,,multipolygon,relation/3910908,,,,,,,,,,,,,,,,,,,,,,,,,,,,,,,,,,,,,,,,,
protected_area,,nature_reserve,Terra Indígena Raimundão,Fundação Nacional do Índio,24,terra indígena,37701,Funai,multipolygon,relation/3910909,,,,,,,,,,,,,,,,,,,,,,,,,,,,,,,,,,,,,,,,,
protected_area,,nature_reserve,Terra Indígena Anta,Fundação Nacional do Índio,24,terra indígena,2201,,multipolygon,relation/3910911,,,,,,,,,,,,,,,,,,,,,,,,,,,,,,,,,,,,,,,,,
protected_area,,nature_reserve,Terra Indígena Ponta da Serra,Fundação Nacional do Índio,24,terra indígena,36401,,multipolygon,relation/3910913,,,,,,,,,,,,,,,,,,,,,,,,,,,,,,,,,,,,,,,,,
protected_area,,nature_reserve,Terra Indígena Balaio,Fundação Nacional do Índio,24,terra indígena,5301,,multipolygon,relation/3910914,,,,,,,,,,,,,,,,,,,,,,,,,,,,,,,,,,,,,,,,,
protected_area,,nature_reserve,Terra Indígena Barata Livramento,Fundação Nacional do Índio,24,terra indígena,5601,,multipolygon,relation/3910915,,,,,,,,,,,,,,,,,,,,,,,,,,,,,,,,,,,,,,,,,
protected_area,,nature_reserve,Terra Indígena Truaru,Fundação Nacional do Índio,24,terra indígena,46501,,multipolygon,relation/3910916,,,,,,,,,,,,,,,,,,,,,,,,,,,,,,,,,,,,,,,,,
protected_area,,nature_reserve,Terra Indígena Sucuba,Fundação Nacional do Índio,24,terra indígena,43301,,multipolygon,relation/3910917,,,,,,,,,,,,,,,,,,,,,,,,,,,,,,,,,,,,,,,,,
protected_area,,nature_reserve,Terra Indígena Boqueirão,Fundação Nacional do Índio,24,terra indígena,6701,,multipolygon,relation/3910918,,,,,,,,,,,,,,,,,,,,,,,,,,,,,,,,,,,,,,,,,
protected_area,,nature_reserve,Terra Indígena Mangueira,Fundação Nacional do Índio,24,terra indígena,26301,,multipolygon,relation/3910919,,,,,,,,,,,,,,,,,,,,,,,,,,,,,,,,,,,,,,,,,
protected_area,,nature_reserve,Terra Indígena Cajueiro,Fundação Nacional do Índio,24,terra indígena,8201,,multipolygon,relation/3910920,,,,,,,,,,,,,,,,,,,,,,,,,,,,,,,,,,,,,,,,,
protected_area,,nature_reserve,Terra Indígena Serra da Moça,Fundação Nacional do Índio,24,terra indígena,42401,,multipolygon,relation/3910921,,,,,,,,,,,,,,,,,,,,,,,,,,,,,,,,,,,,,,,,,
protected_area,,nature_reserve,Terra Indígena Barão de Antonina,Fundação Nacional do Índio,24,terra indígena,5501,,multipolygon,relation/3912906,,,,,,,,,,,,,,,,,,,,,,,,,,,,,,,,,,,,,,,,,
protected_area,,nature_reserve,Terra Indígena Pinhal,Fundação Nacional do Índio,24,terra indígena,35501,,multipolygon,relation/3912907,,,,,,,,,,,,,,,,,,,,,,,,,,,,,,,,,,,,,,,,,
protected_area,,nature_reserve,Terra Indígena Guarani de Bracui,Fundação Nacional do Índio,24,terra indígena,14401,,multipolygon,relation/3912986,,,,,,,,,,,,,,,,,,,,,,,,,,,,,,,,,,,,,,,,,
protected_area,,nature_reserve,Terra Indígena Rio dos Pardos,Fundação Nacional do Índio,24,terra indígena,39201,,boundary,relation/3912987,,,,,,,,,,,,,,,,,,,,,,,,,,,,,,,,,,,,,,,,,
protected_area,,nature_reserve,Terra Indígena Salto Grande do Jacuí,Fundação Nacional do Índio,24,terra indígena,41001,,multipolygon,relation/3912988,,,,,,,,,,,,,,,,,,,,,,,,,,,,,,,,,,,,,,,,,
protected_area,,nature_reserve,Terra Indígena Serra do Itatins,Fundação Nacional do Índio,24,terra indígena,42501,,boundary,relation/3912989,,,,,,,,,,,,,,,,,,,,,,,,,,,,,,,,,,,,,,,,,
protected_area,,nature_reserve,Terra Indígena São Jeronimo,Fundação Nacional do Índio,24,terra indígena,41601,,multipolygon,relation/3912990,,,,,,,,,,,,,,,,,,,,,,,,,,,,,,,,,,,,,,,,,
protected_area,,nature_reserve,Terra Indígena Guarita,Fundação Nacional do Índio,24,terra indígena,14801,,boundary,relation/3912997,,,,,,,,,,,,,,,,,,,,,,,,,,,,,,,,,,,,,,,,,
protected_area,,nature_reserve,Terra Indígena Rio Branco Itanhaém,Fundação Nacional do Índio,24,terra indígena,38701,,boundary,relation/3913000,,,,,,,,,,,,,,,,,,,,,,,,,,,,,,,,,,,,,,,,,
protected_area,,nature_reserve,Terra Indígena Guarani Votouro,Fundação Nacional do Índio,24,terra indígena,14701,,multipolygon,relation/3913073,,,,,,,,,,,,,,,,,,,,,,,,,,,,,,,,,,,,,,,,,
protected_area,,nature_reserve,Terra Indígena Rio Areia,Fundação Nacional do Índio,24,terra indígena,38301,,multipolygon,relation/3913075,,,,,,,,,,,,,,,,,,,,,,,,,,,,,,,,,,,,,,,,,
protected_area,,nature_reserve,Terra Indígena Xapecó,Fundação Nacional do Índio,24,terra indígena,50201,,boundary,relation/3913082,,,,,,,,,,,,,,,,,,,,,,,,,,,,,,,,,,,,,,,,,
protected_area,,nature_reserve,Terra Indígena Icatu,Fundação Nacional do Índio,24,terra indígena,15501,,boundary,relation/3913094,,,,,,,,,,,,,,,,,,,,,,,,,,,,,,,,,,,,,,,,,
protected_area,,nature_reserve,Terra Indígena Inhacorá,Fundação Nacional do Índio,24,terra indígena,17101,,multipolygon,relation/3913098,,,,,,,,,,,,,,,,,,,,,,,,,,,,,,,,,,,,,,,,,
protected_area,,nature_reserve,Terra Indígena Toldo Chimbangue,Fundação Nacional do Índio,24,terra indígena,45601,,boundary,relation/3913105,,,,,,,,,,,,,,,,,,,,,,,,,,,,,,,,,,,,,,,,,
protected_area,,nature_reserve,Terra Indígena Toldo Chimbangue II,Fundação Nacional do Índio,24,terra indígena,45701,,boundary,relation/3913106,,,,,,,,,,,,,,,,,,,,,,,,,,,,,,,,,,,,,,,,,
protected_area,,nature_reserve,Terra Indígena Palmas,Fundação Nacional do Índio,24,terra indígena,32002,Funai,boundary,relation/3913108,,,,,,,,,,,,,,,,,,,,,,,,,,,,,,,,,,,,,,,,,
protected_area,,nature_reserve,Terra Indígena Ligeiro,Fundação Nacional do Índio,24,terra indígena,25501,,multipolygon,relation/3913113,,,,,,,,,,,,,,,,,,,,,,,,,,,,,,,,,,,,,,,,,
protected_area,,nature_reserve,Terra Indígena Votouro,Fundação Nacional do Índio,24,terra indígena,49201,Funai,multipolygon,relation/3913115,,,,,,,,,,,,,,,,,,,,,,,,,,,,,,,,,,,,,,,,,
protected_area,,nature_reserve,Reserva Indígena Mangueirinha,Fundação Nacional do Índio,24,reserva indígena,26401,,multipolygon,relation/3913117,,,,,,,,,,,,,,,,,,,,,,,,,,,,,,,,,,,,,,,,,
protected_area,,nature_reserve,Reserva Indígena Apucarana,Fundação Nacional do Índio,24,reserva indígena,2601,,multipolygon,relation/3913154,,,,,,,,,,,,,,,,,,,,,,,,,,,,,,,,,,,,,,,,,
protected_area,,nature_reserve,Terra Indígena Guarani do Aguapeu,Fundação Nacional do Índio,24,terra indígena,14501,Funai,boundary,relation/3913155,,,,,,,,,,,,,,,,,,,,,,,,,,,,,,,,,,,,,,,,,
protected_area,,nature_reserve,Terra Indígena Jaraguá,Fundação Nacional do Índio,24,terra indígena,18801,Funai,boundary,relation/3913156,,,,,,,,,,,,,,,,,,,,,,,,,,,,,,,,,,,,,,,,,
protected_area,,nature_reserve,Terra Indígena Mbiguaçu,Fundação Nacional do Índio,24,terra indígena,28401,,boundary,relation/3913157,,,,,,,,,,,,,,,,,,,,,,,,,,,,,,,,,,,,,,,,,
protected_area,,nature_reserve,Terra Indígena Ilha da Cotinga,Fundação Nacional do Índio,24,terra indígena,16501,Funai,multipolygon,relation/3913158,,,,,,,,,,,,,,,,,,,,,,,,,,,,,,,,,,,,,,,,,
protected_area,,nature_reserve,Terra Indígena Parque do Araguaia,Fundação Nacional do Índio,24,terra indígena,33501,Funai,boundary,relation/3914875,,,,,,,,,,,,,,,,,,,,,,,,,,,,,,,,,,,,,,,,,
protected_area,,nature_reserve,Terra Indígena Inawebohona,Fundação Nacional do Índio,24,terra indígena,17001,,multipolygon,relation/3914880,,,,,,,,,,,,,,,,,,,,,,,,,,,,,,,,,,,,,,,,,
protected_area,,nature_reserve,Terra Indígena Pimentel Barbosa,Fundação Nacional do Índio,24,terra indígena,35301,,multipolygon,relation/3914884,,,,,,,,,,,,,,,,,,,,,,,,,,,,,,,,,,,,,,,,,
protected_area,,nature_reserve,Terra Indígena Maraiwatsede,Fundação Nacional do Índio,24,terra indígena,26901,,multipolygon,relation/3914887,,,,,,,,,,,,,,,,,,,,,,,,,,,,,,,,,,,,,,,,,
protected_area,,nature_reserve,Terra Indígena Karajá de Aruanã III,Fundação Nacional do Índio,24,terra indígena,21201,,multipolygon,relation/3914890,,,,,,,,,,,,,,,,,,,,,,,,,,,,,,,,,,,,,,,,,
protected_area,,nature_reserve,Terra Indígena Karajá de Aruanã II,Fundação Nacional do Índio,24,terra indígena,21101,,multipolygon,relation/3914894,,,,,,,,,,,,,,,,,,,,,,,,,,,,,,,,,,,,,,,,,
protected_area,,nature_reserve,Terra Indígena São Domingos,Fundação Nacional do Índio,24,terra indígena,58301,Funai,multipolygon,relation/3914896,,,,,,,,,,,,,,,,,,,,,,,,,,,,,,,,,,,,,,,,,
protected_area,,nature_reserve,Reserva Indígena Krahó-Kanela,Fundação Nacional do Índio,24,reserva indígena,62301,,multipolygon,relation/3914903,,,,,,,,,,,,,,,,,,,,,,,,,,,,,,,,,,,,,,,,,
protected_area,,nature_reserve,Terra Indígena Areões,Fundação Nacional do Índio,24,terra indígena,3901,,multipolygon,relation/3914914,,,,,,,,,,,,,,,,,,,,,,,,,,,,,,,,,,,,,,,,,
protected_area,,nature_reserve,Terra Indígena Urubu Branco,Fundação Nacional do Índio,24,terra indígena,48301,,multipolygon,relation/3914933,,,,,,,,,,,,,,,,,,,,,,,,,,,,,,,,,,,,,,,,,
protected_area,,nature_reserve,Terra Indígena Tapirapé/Karajá,Fundação Nacional do Índio,24,terra indígena,44001,,multipolygon,relation/3914938,,,,,,,,,,,,,,,,,,,,,,,,,,,,,,,,,,,,,,,,,
protected_area,,nature_reserve,Terra Indígena Parabubure,Fundação Nacional do Índio,24,terra indígena,32701,,multipolygon,relation/3979545,,,,,,,,,,,,,,,,,,,,,,,,,,,,,,,,,,,,,,,,,
protected_area,,nature_reserve,Terra Indígena Chão Preto,Fundação Nacional do Índio,24,terra indígena,10001,,multipolygon,relation/3979546,,,,,,,,,,,,,,,,,,,,,,,,,,,,,,,,,,,,,,,,,
protected_area,,nature_reserve,Reserva Indígena São Marcos,Fundação Nacional do Índio,24,reserva indígena,58101,,boundary,relation/3979548,,,,,,,,,,,,,,,,,,,,,,,,,,,,,,,,,,,,,,,,,
protected_area,,nature_reserve,Terra Indígena Erikpatsá,Fundação Nacional do Índio,24,terra indígena,11401,,multipolygon,relation/3979549,,,,,,,,,,,,,,,,,,,,,,,,,,,,,,,,,,,,,,,,,
protected_area,,nature_reserve,Terra Indígena Vale do Guaporé,Fundação Nacional do Índio,24,terra indígena,48601,,multipolygon,relation/3979550,,,,,,,,,,,,,,,,,,,,,,,,,,,,,,,,,,,,,,,,,
protected_area,,nature_reserve,Terra Indígena Bakairi,Fundação Nacional do Índio,24,terra indígena,5201,,multipolygon,relation/3979552,,,,,,,,,,,,,,,,,,,,,,,,,,,,,,,,,,,,,,,,,
protected_area,,nature_reserve,Terra Indígena Utiariti,Fundação Nacional do Índio,24,terra indígena,48501,,multipolygon,relation/3979561,,,,,,,,,,,,,,,,,,,,,,,,,,,,,,,,,,,,,,,,,
protected_area,,nature_reserve,Terra Indígena Umutina,Fundação Nacional do Índio,24,terra indígena,48001,,multipolygon,relation/3979562,,,,,,,,,,,,,,,,,,,,,,,,,,,,,,,,,,,,,,,,,
protected_area,,nature_reserve,Terra Indígena Tubarão Latunde,Fundação Nacional do Índio,24,terra indígena,46701,,multipolygon,relation/3979566,,,,,,,,,,,,,,,,,,,,,,,,,,,,,,,,,,,,,,,,,
protected_area,,nature_reserve,Terra Indígena Tirecatinga,Fundação Nacional do Índio,24,terra indígena,45501,,multipolygon,relation/3979571,,,,,,,,,,,,,,,,,,,,,,,,,,,,,,,,,,,,,,,,,
protected_area,,nature_reserve,Terra Indígena Batovi,Fundação Nacional do Índio,24,terra indígena,6001,,multipolygon,relation/3979574,,,,,,,,,,,,,,,,,,,,,,,,,,,,,,,,,,,,,,,,,
protected_area,,nature_reserve,Terra Indígena Juininha,Fundação Nacional do Índio,24,terra indígena,19501,,multipolygon,relation/3979586,,,,,,,,,,,,,,,,,,,,,,,,,,,,,,,,,,,,,,,,,
protected_area,,nature_reserve,Reserva Indígena Jarudore,Fundação Nacional do Índio,24,reserva indígena,19101,,multipolygon,relation/3979587,,,,,,,,,,,,,,,,,,,,,,,,,,,,,,,,,,,,,,,,,
protected_area,,nature_reserve,Terra Indígena Lagoa dos Brincos,Fundação Nacional do Índio,24,terra indígena,25001,,multipolygon,relation/3979590,,,,,,,,,,,,,,,,,,,,,,,,,,,,,,,,,,,,,,,,,
protected_area,,nature_reserve,Terra Indígena Guató,Fundação Nacional do Índio,24,terra indígena,15001,Funai,multipolygon,relation/3979592,,,,,,,,,,,,,,,,,,,,,,,,,,,,,,,,,,,,,,,,,
protected_area,,nature_reserve,Terra Indígena Enawenê-Nawê,Fundação Nacional do Índio,24,terra indígena,11201,Funai,multipolygon,relation/3979603,,,,,,,,,,,,,,,,,,,,,,,,,,,,,,,,,,,,,,,,,
protected_area,,nature_reserve,Terra Indígena Irantxe,Fundação Nacional do Índio,24,terra indígena,17301,,multipolygon,relation/3979604,,,,,,,,,,,,,,,,,,,,,,,,,,,,,,,,,,,,,,,,,
protected_area,xavante,nature_reserve,Terra Indígena Ubawawe,Fundação Nacional do Índio,24,terra indígena,47801,,multipolygon,relation/3979605,,,,,,,,,,,,,,,,,,,,,,,,,,,,,,,,,,,,,,,,,
protected_area,,nature_reserve,Terra Indígena Perigara,Fundação Nacional do Índio,24,terra indígena,34901,,multipolygon,relation/3979606,,,,,,,,,,,,,,,,,,,,,,,,,,,,,,,,,,,,,,,,,
protected_area,,nature_reserve,Terra Indígena Pirineus de Souza,Fundação Nacional do Índio,24,terra indígena,36101,,multipolygon,relation/3979607,,,,,,,,,,,,,,,,,,,,,,,,,,,,,,,,,,,,,,,,,
protected_area,,nature_reserve,Terra Indígena Paresi,Fundação Nacional do Índio,24,terra indígena,33401,,multipolygon,relation/3979617,,,,,,,,,,,,,,,,,,,,,,,,,,,,,,,,,,,,,,,,,
protected_area,,nature_reserve,Terra Indígena Pequizal,Fundação Nacional do Índio,24,terra indígena,34801,,multipolygon,relation/3979623,,,,,,,,,,,,,,,,,,,,,,,,,,,,,,,,,,,,,,,,,
protected_area,,nature_reserve,Terra Indígena Merure,Fundação Nacional do Índio,24,terra indígena,29001,,boundary,relation/3979628,,,,,,,,,,,,,,,,,,,,,,,,,,,,,,,,,,,,,,,,,
protected_area,,nature_reserve,Terra Indígena Nambikwara,Fundação Nacional do Índio,24,terra indígena,30201,,multipolygon,relation/3979640,,,,,,,,,,,,,,,,,,,,,,,,,,,,,,,,,,,,,,,,,
protected_area,,nature_reserve,Terra Indígena Menkü,Fundação Nacional do Índio,24,terra indígena,28801,,multipolygon,relation/3979642,,,,,,,,,,,,,,,,,,,,,,,,,,,,,,,,,,,,,,,,,
protected_area,,nature_reserve,Terra Indígena Taihantesu,Fundação Nacional do Índio,24,terra indígena,43801,,multipolygon,relation/3979643,,,,,,,,,,,,,,,,,,,,,,,,,,,,,,,,,,,,,,,,,
protected_area,,nature_reserve,Reserva Indígena Tereza Cristina,Fundação Nacional do Índio,24,reserva indígena,45001,,multipolygon,relation/3979644,,,,,,,,,,,,,,,,,,,,,,,,,,,,,,,,,,,,,,,,,
protected_area,,nature_reserve,Terra Indígena Tadarimana,Fundação Nacional do Índio,24,terra indígena,43701,,multipolygon,relation/3979647,,,,,,,,,,,,,,,,,,,,,,,,,,,,,,,,,,,,,,,,,
protected_area,,nature_reserve,Terra Indígena Marechal Rondon,Fundação Nacional do Índio,24,terra indígena,27201,,multipolygon,relation/3979651,,,,,,,,,,,,,,,,,,,,,,,,,,,,,,,,,,,,,,,,,
protected_area,,nature_reserve,Terra Indígena Sangradouro/Volta Grande,Fundação Nacional do Índio,24,terra indígena,41101,,multipolygon,relation/3979652,,,,,,,,,,,,,,,,,,,,,,,,,,,,,,,,,,,,,,,,,
protected_area,,nature_reserve,Terra Indígena Takuaraty/Yvykuarusu,Fundação Nacional do Índio,24,terra indígena,43901,,multipolygon,relation/4218092,,,,,,,,,,,,,,,,,,,,,,,,,,,,,,,,,,,,,,,,,
protected_area,,nature_reserve,Reserva Indígena Taquaperi,Fundação Nacional do Índio,24,reserva indígena,44101,,multipolygon,relation/4218094,,,,,,,,,,,,,,,,,,,,,,,,,,,,,,,,,,,,,,,,,
protected_area,,nature_reserve,Terra Indígena Taunay/Ipegue,Fundação Nacional do Índio,24,terra indígena,44401,,multipolygon,relation/4218097,,,,,,,,,,,,,,,,,,,,,,,,,,,,,,,,,,,,,,,,,
protected_area,,nature_reserve,Terra Indígena Pirakua,Fundação Nacional do Índio,24,terra indígena,36001,,multipolygon,relation/4218101,,,,,,,,,,,,,,,,,,,,,,,,,,,,,,,,,,,,,,,,,
protected_area,,nature_reserve,Reserva Indígena Sassoró,Fundação Nacional do Índio,24,reserva indígena,42201,,multipolygon,relation/4218116,,,,,,,,,,,,,,,,,,,,,,,,,,,,,,,,,,,,,,,,,
protected_area,,nature_reserve,Terra Indígena Sete Cerros,Fundação Nacional do Índio,24,terra indígena,42901,,multipolygon,relation/4218138,,,,,,,,,,,,,,,,,,,,,,,,,,,,,,,,,,,,,,,,,
protected_area,,nature_reserve,Reserva Indígena Cachoeirinha,Fundação Nacional do Índio,24,reserva indígena,7701,,multipolygon,relation/4218142,,,,,,,,,,,,,,,,,,,,,,,,,,,,,,,,,,,,,,,,,
protected_area,,nature_reserve,Terra Indígena Buriti,Fundação Nacional do Índio,24,terra indígena,7001,Funai,multipolygon,relation/4218152,,,,,,,,,,,,,,,,,,,,,,,,,,,,,,,,,,,,,,,,,
protected_area,,nature_reserve,Terra Indígena Ñande Ru Marangatu,Fundação Nacional do Índio,24,terra indígena,30301,Funai,multipolygon,relation/4218156,,,,,,,,,,,,,,,,,,,,,,,,,,,,,,,,,,,,,,,,,
protected_area,,nature_reserve,Terra Indígena Amambai,Fundação Nacional do Índio,24,terra indígena,1601,,multipolygon,relation/4218161,,,,,,,,,,,,,,,,,,,,,,,,,,,,,,,,,,,,,,,,,
protected_area,,nature_reserve,Terra Indígena Panambizinho,Fundação Nacional do Índio,24,terra indígena,32101,Funai,multipolygon,relation/4218162,,,,,,,,,,,,,,,,,,,,,,,,,,,,,,,,,,,,,,,,,
protected_area,,nature_reserve,Terra Indígena Arroio-Korá,Fundação Nacional do Índio,24,terra indígena,4401,,multipolygon,relation/4218165,,,,,,,,,,,,,,,,,,,,,,,,,,,,,,,,,,,,,,,,,
protected_area,,nature_reserve,Terra Indígena Lalima,Fundação Nacional do Índio,24,terra indígena,25101,,multipolygon,relation/4218184,,,,,,,,,,,,,,,,,,,,,,,,,,,,,,,,,,,,,,,,,
protected_area,,nature_reserve,Terra Indígena Kadiwéu,Fundação Nacional do Índio,24,terra indígena,20001,,multipolygon,relation/4218293,,,,,,,,,,,,,,,,,,,,,,,,,,,,,,,,,,,,,,,,,
protected_area,,nature_reserve,Terra Indígena Jaguapiré,Fundação Nacional do Índio,24,terra indígena,18101,,multipolygon,relation/4218295,,,,,,,,,,,,,,,,,,,,,,,,,,,,,,,,,,,,,,,,,
protected_area,,nature_reserve,Terra Indígena Guaimbé,Fundação Nacional do Índio,24,terra indígena,13701,,multipolygon,relation/4218306,,,,,,,,,,,,,,,,,,,,,,,,,,,,,,,,,,,,,,,,,
protected_area,,nature_reserve,Terra Indígena Pirajuí,Fundação Nacional do Índio,24,terra indígena,35901,,multipolygon,relation/4218314,,,,,,,,,,,,,,,,,,,,,,,,,,,,,,,,,,,,,,,,,
protected_area,,nature_reserve,Terra Indígena Nioaque,Fundação Nacional do Índio,24,terra indígena,30601,,multipolygon,relation/4218324,,,,,,,,,,,,,,,,,,,,,,,,,,,,,,,,,,,,,,,,,
protected_area,,nature_reserve,Terra Indígena Limão Verde,Fundação Nacional do Índio,24,terra indígena,25701,,multipolygon,relation/4218347,,,,,,,,,,,,,,,,,,,,,,,,,,,,,,,,,,,,,,,,,
protected_area,,nature_reserve,Terra Indígena Pau Brasil,Fundação Nacional do Índio,24,terra indígena,34001,,multipolygon,relation/4218362,,,,,,,,,,,,,,,,,,,,,,,,,,,,,,,,,,,,,,,,,
protected_area,,nature_reserve,Terra Indígena Krenak,Fundação Nacional do Índio,24,terra indígena,23401,,multipolygon,relation/4218369,,,,,,,,,,,,,,,,,,,,,,,,,,,,,,,,,,,,,,,,,
protected_area,,nature_reserve,Terra Indígena Barra Velha,Fundação Nacional do Índio,24,terra indígena,5801,,multipolygon,relation/4218375,,,,,,,,,,,,,,,,,,,,,,,,,,,,,,,,,,,,,,,,,
protected_area,,nature_reserve,Terra Indígena Coroa Vermelha,Fundação Nacional do Índio,24,terra indígena,10301,Funai,multipolygon,relation/4218381,,,,,,,,,,,,,,,,,,,,,,,,,,,,,,,,,,,,,,,,,
protected_area,,nature_reserve,Terra Indígena Xacriabá,Fundação Nacional do Índio,24,terra indígena,49901,,multipolygon,relation/4218383,,,,,,,,,,,,,,,,,,,,,,,,,,,,,,,,,,,,,,,,,
protected_area,,nature_reserve,Terra Indígena Xakriabá Rancharia,Fundação Nacional do Índio,24,terra indígena,50001,,multipolygon,relation/4218405,,,,,,,,,,,,,,,,,,,,,,,,,,,,,,,,,,,,,,,,,
protected_area,,nature_reserve,Terra Indígena Comboios,Fundação Nacional do Índio,24,terra indígena,10201,,multipolygon,relation/4218425,,,,,,,,,,,,,,,,,,,,,,,,,,,,,,,,,,,,,,,,,
protected_area,,nature_reserve,Terra Indígena Caieiras Velha II,Fundação Nacional do Índio,24,terra indígena,59301,,multipolygon,relation/4218444,,,,,,,,,,,,,,,,,,,,,,,,,,,,,,,,,,,,,,,,,
protected_area,,nature_reserve,Terra Indígena Caieiras Velha,Fundação Nacional do Índio,24,terra indígena,8001,,multipolygon,relation/4218445,,,,,,,,,,,,,,,,,,,,,,,,,,,,,,,,,,,,,,,,,
protected_area,,nature_reserve,Terra Indígena Tupiniquim,Fundação Nacional do Índio,24,terra indígena,8003,,multipolygon,relation/4218454,,,,,,,,,,,,,,,,,,,,,,,,,,,,,,,,,,,,,,,,,
protected_area,,nature_reserve,Terra Indígena Hi Merimã,Fundação Nacional do Índio,24,terra indígena,15201,,multipolygon,relation/4286454,,,,,,,,,,,,,,,,,,,,,,,,,,,,,,,,,,,,,,,,,
protected_area,,nature_reserve,Terra Indígena Itixi Mitari,Fundação Nacional do Índio,24,terra indígena,45103,,multipolygon,relation/4286473,,,,,,,,,,,,,,,,,,,,,,,,,,,,,,,,,,,,,,,,,
protected_area,,nature_reserve,Terra Indígena Deni,Fundação Nacional do Índio,24,terra indígena,10901,,multipolygon,relation/4286492,,,,,,,,,,,,,,,,,,,,,,,,,,,,,,,,,,,,,,,,,
protected_area,,nature_reserve,Terra Indígena Zuruahã,Fundação Nacional do Índio,24,terra indígena,51201,,multipolygon,relation/4286510,,,,,,,,,,,,,,,,,,,,,,,,,,,,,,,,,,,,,,,,,
protected_area,,nature_reserve,Terra Indígena Paumari do Lago Marahã,Fundação Nacional do Índio,24,terra indígena,34402,,multipolygon,relation/4286569,,,,,,,,,,,,,,,,,,,,,,,,,,,,,,,,,,,,,,,,,
protected_area,,nature_reserve,Terra Indígena Água Preta/Inari,Fundação Nacional do Índio,24,terra indígena,401,,multipolygon,relation/4286587,,,,,,,,,,,,,,,,,,,,,,,,,,,,,,,,,,,,,,,,,
protected_area,,nature_reserve,Terra Indígena Paumari do Lago Paricá,Fundação Nacional do Índio,24,terra indígena,34501,,multipolygon,relation/4286640,,,,,,,,,,,,,,,,,,,,,,,,,,,,,,,,,,,,,,,,,
protected_area,,nature_reserve,Terra Indígena Kaxarari,Fundação Nacional do Índio,24,terra indígena,22001,,multipolygon,relation/4286643,,,,,,,,,,,,,,,,,,,,,,,,,,,,,,,,,,,,,,,,,
protected_area,,nature_reserve,Terra Indígena Lago Aiapua,Fundação Nacional do Índio,24,terra indígena,24201,,multipolygon,relation/4286652,,,,,,,,,,,,,,,,,,,,,,,,,,,,,,,,,,,,,,,,,
protected_area,,nature_reserve,Terra Indígena Tumiã,Fundação Nacional do Índio,24,terra indígena,47101,Funai,multipolygon,relation/4286660,,,,,,,,,,,,,,,,,,,,,,,,,,,,,,,,,,,,,,,,,
protected_area,,nature_reserve,Terra Indígena Juma,Fundação Nacional do Índio,24,terra indígena,19601,,multipolygon,relation/4286681,,,,,,,,,,,,,,,,,,,,,,,,,,,,,,,,,,,,,,,,,
protected_area,,nature_reserve,Terra Indígena Paumari do Rio Ituxi,Fundação Nacional do Índio,24,terra indígena,34601,Funai,multipolygon,relation/4286683,,,,,,,,,,,,,,,,,,,,,,,,,,,,,,,,,,,,,,,,,
protected_area,,nature_reserve,Terra Indígena Kanamari do Rio Juruá,Fundação Nacional do Índio,24,terra indígena,20601,Funai,multipolygon,relation/4286689,,,,,,,,,,,,,,,,,,,,,,,,,,,,,,,,,,,,,,,,,
protected_area,,nature_reserve,Terra Indígena Guajahã,Fundação Nacional do Índio,24,terra indígena,13801,,multipolygon,relation/4286695,,,,,,,,,,,,,,,,,,,,,,,,,,,,,,,,,,,,,,,,,
protected_area,,nature_reserve,Terra Indígena Igarapé Capana,Fundação Nacional do Índio,24,terra indígena,15601,,multipolygon,relation/4286737,,,,,,,,,,,,,,,,,,,,,,,,,,,,,,,,,,,,,,,,,
protected_area,,nature_reserve,Terra Indígena Seruini/Mariene,Fundação Nacional do Índio,24,terra indígena,42801,,multipolygon,relation/4286758,,,,,,,,,,,,,,,,,,,,,,,,,,,,,,,,,,,,,,,,,
protected_area,,nature_reserve,Terra Indígena Camicua,Fundação Nacional do Índio,24,terra indígena,8501,,multipolygon,relation/4286765,,,,,,,,,,,,,,,,,,,,,,,,,,,,,,,,,,,,,,,,,
protected_area,,nature_reserve,Terra Indígena Inauini/Teuini,Fundação Nacional do Índio,24,terra indígena,16901,Funai,multipolygon,relation/4286817,,,,,,,,,,,,,,,,,,,,,,,,,,,,,,,,,,,,,,,,,
protected_area,,nature_reserve,Terra Indígena Camadeni,Fundação Nacional do Índio,24,terra indígena,8401,,multipolygon,relation/4286825,,,,,,,,,,,,,,,,,,,,,,,,,,,,,,,,,,,,,,,,,
protected_area,,nature_reserve,Terra Indígena Apurinã do Igarapé Mucuim,Fundação Nacional do Índio,24,terra indígena,52601,,multipolygon,relation/4286826,,,,,,,,,,,,,,,,,,,,,,,,,,,,,,,,,,,,,,,,,
protected_area,,nature_reserve,Terra Indígena Catipari/Mamoria,Fundação Nacional do Índio,24,terra indígena,9801,,multipolygon,relation/4286850,,,,,,,,,,,,,,,,,,,,,,,,,,,,,,,,,,,,,,,,,
protected_area,,nature_reserve,Terra Indígena Boca do Acre,Fundação Nacional do Índio,24,terra indígena,6401,,multipolygon,relation/4286855,,,,,,,,,,,,,,,,,,,,,,,,,,,,,,,,,,,,,,,,,
protected_area,,nature_reserve,Terra Indígena Caititu,Fundação Nacional do Índio,24,terra indígena,8101,,multipolygon,relation/4286866,,,,,,,,,,,,,,,,,,,,,,,,,,,,,,,,,,,,,,,,,
protected_area,,nature_reserve,Terra Indígena Peneri/Tacaquiri,Fundação Nacional do Índio,24,terra indígena,34701,,multipolygon,relation/4286875,,,,,,,,,,,,,,,,,,,,,,,,,,,,,,,,,,,,,,,,,
protected_area,,nature_reserve,Terra Indígena Apurinã Igarapé Tauamirim,Fundação Nacional do Índio,24,terra indígena,2801,,multipolygon,relation/4286880,,,,,,,,,,,,,,,,,,,,,,,,,,,,,,,,,,,,,,,,,
protected_area,,nature_reserve,Terra Indígena Apurinã Km 124 BR-317,Fundação Nacional do Índio,24,terra indígena,2901,,multipolygon,relation/4286882,,,,,,,,,,,,,,,,,,,,,,,,,,,,,,,,,,,,,,,,,
protected_area,,nature_reserve,Terra Indígena São Pedro do Sepatini,Fundação Nacional do Índio,24,terra indígena,41901,,multipolygon,relation/4286886,,,,,,,,,,,,,,,,,,,,,,,,,,,,,,,,,,,,,,,,,
protected_area,,nature_reserve,Terra Indígena Paumari do Cuniua,Fundação Nacional do Índio,24,terra indígena,34201,,multipolygon,relation/4286894,,,,,,,,,,,,,,,,,,,,,,,,,,,,,,,,,,,,,,,,,
protected_area,,nature_reserve,Terra Indígena Alto Sepatini,Fundação Nacional do Índio,24,terra indígena,1301,,multipolygon,relation/4286896,,,,,,,,,,,,,,,,,,,,,,,,,,,,,,,,,,,,,,,,,
protected_area,,nature_reserve,Terra Indígena Paumari do Lago Manissuã,Fundação Nacional do Índio,24,terra indígena,34302,,multipolygon,relation/4286897,,,,,,,,,,,,,,,,,,,,,,,,,,,,,,,,,,,,,,,,,
protected_area,,nature_reserve,Terra Indígena Apurinã do Igarapé São João,Fundação Nacional do Índio,24,terra indígena,2701,,multipolygon,relation/4286916,,,,,,,,,,,,,,,,,,,,,,,,,,,,,,,,,,,,,,,,,
protected_area,,nature_reserve,Terra Indígena Acimã,Fundação Nacional do Índio,24,terra indígena,201,,multipolygon,relation/4286922,,,,,,,,,,,,,,,,,,,,,,,,,,,,,,,,,,,,,,,,,
protected_area,,nature_reserve,Terra Indígena Andirá-Marau,Fundação Nacional do Índio,24,terra indígena,2001,,multipolygon,relation/4286930,,,,,,,,,,,,,,,,,,,,,,,,,,,,,,,,,,,,,,,,,
protected_area,,nature_reserve,Terra Indígena Pirahã,Fundação Nacional do Índio,24,terra indígena,35701,,multipolygon,relation/4286933,,,,,,,,,,,,,,,,,,,,,,,,,,,,,,,,,,,,,,,,,
protected_area,,nature_reserve,Terra Indígena Tenharim Marmelos,Fundação Nacional do Índio,24,terra indígena,44801,,multipolygon,relation/4286940,,,,,,,,,,,,,,,,,,,,,,,,,,,,,,,,,,,,,,,,,
protected_area,,nature_reserve,Terra Indígena Coata-Laranjal,Fundação Nacional do Índio,24,terra indígena,10101,,multipolygon,relation/4286975,,,,,,,,,,,,,,,,,,,,,,,,,,,,,,,,,,,,,,,,,
protected_area,,nature_reserve,Terra Indígena Cunhã-Sapucaia,Fundação Nacional do Índio,24,terra indígena,10801,,multipolygon,relation/4286977,,,,,,,,,,,,,,,,,,,,,,,,,,,,,,,,,,,,,,,,,
protected_area,,nature_reserve,Terra Indígena Ipixuna,Fundação Nacional do Índio,24,terra indígena,17201,,multipolygon,relation/4286981,,,,,,,,,,,,,,,,,,,,,,,,,,,,,,,,,,,,,,,,,
protected_area,,nature_reserve,Terra Indígena Fortaleza do Castanho,Fundação Nacional do Índio,24,terra indígena,12901,,multipolygon,relation/4286986,,,,,,,,,,,,,,,,,,,,,,,,,,,,,,,,,,,,,,,,,
protected_area,,nature_reserve,Terra Indígena Diahui,Fundação Nacional do Índio,24,terra indígena,11001,,multipolygon,relation/4286991,,,,,,,,,,,,,,,,,,,,,,,,,,,,,,,,,,,,,,,,,
protected_area,,nature_reserve,Terra Indígena Apipica,Fundação Nacional do Índio,24,terra indígena,2501,Funai,multipolygon,relation/4286992,,,,,,,,,,,,,,,,,,,,,,,,,,,,,,,,,,,,,,,,,
protected_area,,nature_reserve,Terra Indígena Ariramba,Fundação Nacional do Índio,24,terra indígena,4301,Funai,multipolygon,relation/4286994,,,,,,,,,,,,,,,,,,,,,,,,,,,,,,,,,,,,,,,,,
protected_area,,nature_reserve,Terra Indígena Paraná do Arauató,Fundação Nacional do Índio,24,terra indígena,33001,,boundary,relation/4287008,,,,,,,,,,,,,,,,,,,,,,,,,,,,,,,,,,,,,,,,,
protected_area,,nature_reserve,Terra Indígena Tenharim Marmelos (Gleba B),Fundação Nacional do Índio,24,terra indígena,62901,Funai,multipolygon,relation/4287012,,,,,,,,,,,,,,,,,,,,,,,,,,,,,,,,,,,,,,,,,
protected_area,,nature_reserve,Terra Indígena Nove de Janeiro,Fundação Nacional do Índio,24,terra indígena,31201,,multipolygon,relation/4287014,,,,,,,,,,,,,,,,,,,,,,,,,,,,,,,,,,,,,,,,,
protected_area,,nature_reserve,Terra Indígena Lago Jauari,Fundação Nacional do Índio,24,terra indígena,24701,,multipolygon,relation/4287017,,,,,,,,,,,,,,,,,,,,,,,,,,,,,,,,,,,,,,,,,
protected_area,,nature_reserve,Terra Indígena Torá,Fundação Nacional do Índio,24,terra indígena,45901,Funai,multipolygon,relation/4287033,,,,,,,,,,,,,,,,,,,,,,,,,,,,,,,,,,,,,,,,,
protected_area,,nature_reserve,Terra Indígena Boa Vista - AM,Fundação Nacional do Índio,24,terra indígena,58502,Funai,boundary,relation/4287034,,,,,,,,,,,,,,,,,,,,,,,,,,,,,,,,,,,,,,,,,
protected_area,,nature_reserve,Terra Indígena Rio Urubu,Fundação Nacional do Índio,24,terra indígena,40501,,boundary,relation/4287039,,,,,,,,,,,,,,,,,,,,,,,,,,,,,,,,,,,,,,,,,
protected_area,,nature_reserve,Terra Indígena Lago Capanã,Fundação Nacional do Índio,24,terra indígena,24301,Funai,multipolygon,relation/4287044,,,,,,,,,,,,,,,,,,,,,,,,,,,,,,,,,,,,,,,,,
protected_area,,nature_reserve,Terra Indígena Tenharim do Igarapé Preto,Fundação Nacional do Índio,24,terra indígena,44701,,multipolygon,relation/4287045,,,,,,,,,,,,,,,,,,,,,,,,,,,,,,,,,,,,,,,,,
protected_area,,nature_reserve,Terra Indígena Pinatuba,Fundação Nacional do Índio,24,terra indígena,35401,,multipolygon,relation/4287048,,,,,,,,,,,,,,,,,,,,,,,,,,,,,,,,,,,,,,,,,
protected_area,,nature_reserve,Terra Indígena Trincheira,Fundação Nacional do Índio,24,terra indígena,46101,,multipolygon,relation/4287049,,,,,,,,,,,,,,,,,,,,,,,,,,,,,,,,,,,,,,,,,
protected_area,,nature_reserve,Terra Indígena Rio Manicoré,Fundação Nacional do Índio,24,terra indígena,39701,,multipolygon,relation/4287052,,,,,,,,,,,,,,,,,,,,,,,,,,,,,,,,,,,,,,,,,
protected_area,,nature_reserve,Terra Indígena São Pedro,Fundação Nacional do Índio,24,terra indígena,41801,,multipolygon,relation/4287053,,,,,,,,,,,,,,,,,,,,,,,,,,,,,,,,,,,,,,,,,
protected_area,,nature_reserve,Terra Indígena Cuia,Fundação Nacional do Índio,24,terra indígena,10601,,multipolygon,relation/4287061,,,,,,,,,,,,,,,,,,,,,,,,,,,,,,,,,,,,,,,,,
protected_area,,nature_reserve,Terra Indígena Sepoti,Fundação Nacional do Índio,24,terra indígena,42301,,multipolygon,relation/4287062,,,,,,,,,,,,,,,,,,,,,,,,,,,,,,,,,,,,,,,,,
protected_area,,nature_reserve,Terra Indígena Gavião,Fundação Nacional do Índio,24,terra indígena,13401,,multipolygon,relation/4287065,,,,,,,,,,,,,,,,,,,,,,,,,,,,,,,,,,,,,,,,,
protected_area,,nature_reserve,Terra Indígena Ilha do Camaleão,Fundação Nacional do Índio,24,terra indígena,16601,,multipolygon,relation/4287067,,,,,,,,,,,,,,,,,,,,,,,,,,,,,,,,,,,,,,,,,
protected_area,,nature_reserve,Terra Indígena Lago do Beruri,Fundação Nacional do Índio,24,terra indígena,24401,,multipolygon,relation/4287068,,,,,,,,,,,,,,,,,,,,,,,,,,,,,,,,,,,,,,,,,
protected_area,,nature_reserve,Terra Indígena Natal/Felicidade,Fundação Nacional do Índio,24,terra indígena,30401,,multipolygon,relation/4287069,,,,,,,,,,,,,,,,,,,,,,,,,,,,,,,,,,,,,,,,,
protected_area,,nature_reserve,Terra Indígena Lago do Marinheiro,Fundação Nacional do Índio,24,terra indígena,27401,,multipolygon,relation/4287070,,,,,,,,,,,,,,,,,,,,,,,,,,,,,,,,,,,,,,,,,
protected_area,,nature_reserve,Terra Indígena Kraolandia,Fundação Nacional do Índio,24,terra indígena,23301,,multipolygon,relation/4287072,,,,,,,,,,,,,,,,,,,,,,,,,,,,,,,,,,,,,,,,,
protected_area,,nature_reserve,Terra Indígena Krikati,Fundação Nacional do Índio,24,terra indígena,23501,,multipolygon,relation/4287073,,,,,,,,,,,,,,,,,,,,,,,,,,,,,,,,,,,,,,,,,
protected_area,,nature_reserve,Terra Indígena Mãe Maria,Fundação Nacional do Índio,24,terra indígena,26001,,multipolygon,relation/4287081,,,,,,,,,,,,,,,,,,,,,,,,,,,,,,,,,,,,,,,,,
protected_area,,nature_reserve,Terra Indígena Alto Rio Guamá,Fundação Nacional do Índio,24,terra indígena,1001,,multipolygon,relation/4287100,,,,,,,,,,,,,,,,,,,,,,,,,,Alto Rio Guamá reserve,Q16489184,pt:Terra Indígena Alto Rio Guamá,,,,,,,,,,,,,
protected_area,,nature_reserve,Terra Indígena Xerente,Fundação Nacional do Índio,24,terra indígena,50301,,multipolygon,relation/4287105,,,,,,,,,,,,,,,,,,,,,,,,,,,,,,,,,,,,,,,,,
protected_area,,nature_reserve,Terra Indígena Alto Turiaçu,Fundação Nacional do Índio,24,terra indígena,1501,,multipolygon,relation/4287112,,,,,,,,,,,,,,,,,,,,,,,,,,,,,,,,,,,,,,,,,
protected_area,,nature_reserve,Terra Indígena Awa,Fundação Nacional do Índio,24,terra indígena,4801,,multipolygon,relation/4287114,,,,,,,,,,,,,,,,,,,,,,,,,,,,,,,,,,,,,,,,,
protected_area,,nature_reserve,Terra Indígena Parakanã,Fundação Nacional do Índio,24,terra indígena,32901,Funai,multipolygon,relation/4287117,,,,,,,,,,,,,,,,,,,,,,,,,,,,,,,,,,,,,,,,,
protected_area,,nature_reserve,Terra Indígena Barreirinha,Fundação Nacional do Índio,24,terra indígena,58801,Funai,multipolygon,relation/4287118,,,,,,,,,,,,,,,,,,,,,,,,,,,,,,,,,,,,,,,,,
protected_area,,nature_reserve,Terra Indígena Governador,Fundação Nacional do Índio,24,terra indígena,13601,,multipolygon,relation/4287186,,,,,,,,,,,,,,,,,,,,,,,,,,,,,,,,,,,,,,,,,
protected_area,,nature_reserve,Terra Indígena Kanela,Fundação Nacional do Índio,24,terra indígena,20701,,multipolygon,relation/4287187,,,,,,,,,,,,,,,,,,,,,,,,,,,,,,,,,,,,,,,,,
protected_area,,nature_reserve,Terra Indígena Funil,Fundação Nacional do Índio,24,terra indígena,13201,,multipolygon,relation/4287193,,,,,,,,,,,,,,,,,,,,,,,,,,,,,,,,,,,,,,,,,
protected_area,,nature_reserve,Terra Indígena Maranduba,Fundação Nacional do Índio,24,terra indígena,27101,Funai,boundary,relation/4287194,,,,,,,,,,,,,,,,,,,,,,,,,,,,,,,,,,,,,,,,,
protected_area,,nature_reserve,Terra Indígena Bacurizinho,Fundação Nacional do Índio,24,terra indígena,4901,,multipolygon,relation/4287197,,,,,,,,,,,,,,,,,,,,,,,,,,,,,,,,,,,,,,,,,
protected_area,,nature_reserve,Terra Indígena Caru,Fundação Nacional do Índio,24,terra indígena,9701,,multipolygon,relation/4287200,,,,,,,,,,,,,,,,,,,,,,,,,,,,,,,,,,,,,,,,,
protected_area,,nature_reserve,Terra Indígena Sarauá,Fundação Nacional do Índio,24,terra indígena,58901,,multipolygon,relation/4287201,,,,,,,,,,,,,,,,,,,,,,,,,,,,,,,,,,,,,,,,,
protected_area,,nature_reserve,Terra Indígena Karajá Santana do Araguaia,Fundação Nacional do Índio,24,terra indígena,21301,,multipolygon,relation/4287202,,,,,,,,,,,,,,,,,,,,,,,,,,,,,,,,,,,,,,,,,
protected_area,,nature_reserve,Terra Indígena Lagoa Comprida,Fundação Nacional do Índio,24,terra indígena,24801,,multipolygon,relation/4287204,,,,,,,,,,,,,,,,,,,,,,,,,,,,,,,,,,,,,,,,,
protected_area,,nature_reserve,Terra Indígena Porquinhos,Fundação Nacional do Índio,24,terra indígena,36601,,multipolygon,relation/4287205,,,,,,,,,,,,,,,,,,,,,,,,,,,,,,,,,,,,,,,,,
protected_area,,nature_reserve,Terra Indígena Sororó,Fundação Nacional do Índio,24,terra indígena,43201,,multipolygon,relation/4287207,,,,,,,,,,,,,,,,,,,,,,,,,,,,,,,,,,,,,,,,,
protected_area,,nature_reserve,Terra Indígena Rio Pindaré,Fundação Nacional do Índio,24,terra indígena,40301,,multipolygon,relation/4287213,,,,,,,,,,,,,,,,,,,,,,,,,,,,,,,,,,,,,,,,,
protected_area,,nature_reserve,Terra Indígena Tembé,Fundação Nacional do Índio,24,terra indígena,44601,,multipolygon,relation/4287221,,,,,,,,,,,,,,,,,,,,,,,,,,,,,,,,,,,,,,,,,
protected_area,,nature_reserve,Terra Indígena Trocará,Fundação Nacional do Índio,24,terra indígena,46301,,multipolygon,relation/4287222,,,,,,,,,,,,,,,,,,,,,,,,,,,,,,,,,,,,,,,,,
protected_area,,nature_reserve,Terra Indígena Turé/Mariquita,Fundação Nacional do Índio,24,terra indígena,47301,,multipolygon,relation/4287225,,,,,,,,,,,,,,,,,,,,,,,,,,,,,,,,,,,,,,,,,
protected_area,,nature_reserve,Terra Indígena Urucu/Juruá,Fundação Nacional do Índio,24,terra indígena,48401,,multipolygon,relation/4287226,,,,,,,,,,,,,,,,,,,,,,,,,,,,,,,,,,,,,,,,,
protected_area,,nature_reserve,Terra Indígena Apinayé,Fundação Nacional do Índio,24,terra indígena,2401,,multipolygon,relation/4287227,,,,,,,,,,,,,,,,,,,,,,,,,,,,,,,,,,,,,,,,,
protected_area,,nature_reserve,Terra Indígena Xambioá,Fundação Nacional do Índio,24,terra indígena,50101,,multipolygon,relation/4287229,,,,,,,,,,,,,,,,,,,,,,,,,,,,,,,,,,,,,,,,,
protected_area,,nature_reserve,Terra Indígena Arariboia,Fundação Nacional do Índio,24,terra indígena,3601,,multipolygon,relation/4287230,,,,,,,,,,,,,,,,,,,,,,,,,,,,,,,,,,,,,,,,,
protected_area,,nature_reserve,Terra Indígena Las Casas,Fundação Nacional do Índio,24,terra indígena,56801,,multipolygon,relation/4287231,,,,,,,,,,,,,,,,,,,,,,,,,,,,,,,,,,,,,,,,,
protected_area,,nature_reserve,Terra Indígena Anambé,Fundação Nacional do Índio,24,terra indígena,1801,,multipolygon,relation/4287232,,,,,,,,,,,,,,,,,,,,,,,,,,,,,,,,,,,,,,,,,
protected_area,,nature_reserve,Terra Indígena Cana Brava/Guajajara,Fundação Nacional do Índio,24,terra indígena,8701,,multipolygon,relation/4287233,,,,,,,,,,,,,,,,,,,,,,,,,,,,,,,,,,,,,,,,,
protected_area,"Guarani;Kaingang;Xokleng",nature_reserve,Ibirama-La Klãnô,Fundação Nacional do Índio,24,terra indígena,15302,,boundary,relation/4577548,"Doutor Pedrinho;Itaiópolis;José Boiteux;Rio Negrinho;Vitor Meireles",SC,political,Curitiba,III,37108,Contr Dem,,2007/12/18 00:00:00,Contrato para demarcação,Demarcação física,Revisão,270,494,,TI Ibirama-La Klãnô,,110,2,Declarada,Contrato nº 205/2007,1500,,Posto Indígena Duque de Caxias,,,Q18275854,pt:Ibirama-La Klãnõ,Posto Indígena Ibirama,Posto Indígena Plate,"Portaria do Ministério da Justiça nº 1.128, de 13 de agosto de 2003",2003,,,,,,,,,
protected_area,,nature_reserve,Terra Indigena Caramuru-Paraguassú,Fundação Nacional do Índio,24,terra indígena,23101,Funai,multipolygon,relation/4587034,,,,,,,,,,,,,,,,,,,,,,,,,,,,,,,,,etnia: Pataxó Hã-Hã-Hãe,,,,,,,,
protected_area,,nature_reserve,Terra Indígena Pitaguary,Fundação Nacional do Índio,24,Terra Indígena,,Funai,boundary,relation/5985051,"Maracanaú;Pacatuba",CE,,João Pessoa,VI,1727.8686,Memora Dem,36201,2009/04/08 00:00:00,Memo/CGD - Libera peças técnicas,Processo de homologação,Principal,305,554,Pitaguari,TI Pitaguary,Pitaguary,24.61098,,Declarada,Memorando nº 039/CGDP/2009,871,,,,,,,,,,,,,,,,,,,
protected_area,,nature_reserve,Taba dos Anacé,Funai,24,Terra Indígena,73714,FUNAI,boundary,relation/5985067,,,,,,,,,,,,,,,,,,,,,,,,,,,,,,,,,,,,,,,,,
protected_area,,nature_reserve,Terra Indígena Tapeba,Funai,24,Terra Indígena,54601,FUNAI,boundary,relation/5985068,,,,,,,,,,,,,,,,,,,,,,,,,,,,,,,,,,,,,,,,,
protected_area,guarani,nature_reserve,Terra Indígena Guarani Morro dos Cavalos,,24,,,,boundary,relation/6088080,Palhoça,SC,,Chapecó,IV,1997,Memora Dem,29601,2011/07/21 00:00:00,Memo/CGD - Libera peças técnicas,Processo de homologação,Principal,305,517,Guarani,TI Morro dos Cavalos,Morro dos Cavalos,27,,Declarada,Memorando nº 237/CGGEO/2011,70,,,,,,,,,,,,political,terra indígena,http://www.funai.gov.br/index.php/terras-indigena-litoral-sul,,,,,
protected_area,,nature_reserve,Terra Indígena Cachoeira Seca,Fundação Nacional do Índio,24,terrra indígena,,,multipolygon,relation/6618922,,,,,,,,,,,,,,,,,,,,,,,,,,,Q1091115,pt:Araras do Pará,,,,,,,,,,,,,
protected_area,,nature_reserve,Terra Indígena Guarani Barra do Ouro,Fundação Nacional do Índio,24,terra indígena,14101,,multipolygon,relation/7233276,,,,,,,,,,,,,,,,,,,,,,,,,,,,,,,,,,,,,,,,,
protected_area,,nature_reserve,Terra Indígena Varzinha,Fundação Nacional do Índio,24,terra indígena,49001,,multipolygon,relation/7234084,,,,,,,,,,,,,,,,,,,,,,,,,,,,,,,,,,,,,,,,,
protected_area,,nature_reserve,Terra Indígena Monte Caseros,Fundação Nacional do Índio,24,terra indígena,29301,Funai,boundary,relation/7337780,,,,,,,,,,,,,,,,,,,,,,,,,,,,,,,,,,,,,,,,,
protected_area,,nature_reserve,Terra Indígena Cacique Doble,Fundação Nacional do Índio,24,terra indígena,7801,Funai,boundary,relation/7538290,,,,,,,,,,,,,,,,,,,,,,,,,,,,,,,,,,,,,,,,,
protected_area,,,Comunidade Quilombola Cachoeira Porteira,Associação dos Moradores da Comunidade Remanescente de Quilombo de Cachoeira Porteira,24,quilombo,,,multipolygon,relation/8086339,,,,,,,,,,,,,,,,,,,,,,,,,,,,,,,,,,,,,2,Lei N° 8.595 de 11 de Janeiro de 2018 - Estado do Pará,,,
protected_area,,nature_reserve,Terra Indígena Ivai,Fundação Nacional do Índio,24,terra indígena,17701,Funai,,way/109137539,,,,,,,,,,,,,,,,,,,,,,,,,,,,,,,,,,,,,,,,,
protected_area,,nature_reserve,Pirai,,24,terra indigena,,Funai,,way/198833497,,,political,Chapecó,IV,3017,Port Decl,35801,2009/09/01 00:00:00,Portaria Declaratória,Planejamento demarcação,Principal,230,541,Guarani Mbyá,TI Pirai,Pirai,35,,Declarada,,0,,,,,,,,,"Portaria nº 2907, de 1º de setembro de 2009",2009,,,,,,,,,
protected_area,,,Rio dos Índios,,24,terra indígena,,Funai,,way/198833579,Vicente Dutra,RS,political,Passo Fundo,III,711.7018,Memora Dem,39101,2005/12/21 00:00:00,Memo/CGD - Libera peças técnicas,Processo de homologação,Principal,305,504,Kaingang,TI Rio dos Índios,Rio dos Índios,13.12196,,Declarada,Memorando nº 150/CGD/2005,0,,,,,,,,,,,,,,,,,,,
protected_area,,nature_reserve,Xapecó (Pinhalzinho-Canhadão),Fundação Nacional do Índio,24,terra indígena,,Funai,,way/198833603,"Abelardo Luz;Ipuaçu",SC,political,Chapecó,I,660,Port Decl,64901,2007/04/19 00:00:00,Portaria Declaratória,Planejamento demarcação,Principal,230,512,Guarani e Kaingang,TI Xapecó (Pinhalzinho-Canhadão),Xapecó (Pinhalzinho-Canhadão),22,,Declarada,"Portaria n° 792, de 19 de abril de 2007",0,,,,,,,,,,,,,,,,,Inicialmente tratada como revisãoda TI Xapecó,,
protected_area,Guarani Mbyá,nature_reserve,Terra Indígena Cantagalo,Fundação Nacional do Índio,24,terra indígena,8901,Funai,,way/244469951,,,,,,,,,,,,,,,,,,,,,,,,,,,,,,,,,,,,,,,,,
protected_area,,nature_reserve,Terra Indígena Igarapé Ribeirão,Fundação Nacional do Índio,24,terra indígena,16301,Funai,,way/270248561,,,,,,,,,,,,,,,,,,,,,,,,,,,,,,,,,,,,,,,,,
protected_area,Guarani Mbya,nature_reserve,Comunidade Indígena Morro Alto,Fundação Nacional do Índio,24,terra indígena,,Funai,,way/285163304,,,,,,,,,,,,,,,,,,,,,,,,,,,,,,,,,,,,,,,,,
protected_area,,nature_reserve,Terra Indígena Barreira da Missão,Fundação Nacional do Índio,24,terra indígena,5901,Funai,,way/287799866,,,,,,,,,,,,,,,,,,,,,,,,,,,,,,,,,,,,,,,,,
protected_area,,nature_reserve,Terra Indígena Igarapé Grande,Fundação Nacional do Índio,24,terra indígena,15801,Funai,,way/287799868,,,,,,,,,,,,,,,,,,,,,,,,,,,,,,,,,,,,,,,,,
protected_area,,nature_reserve,Terra Indígena Jaquiri,Fundação Nacional do Índio,24,terra indígena,18701,Funai,,way/287799869,,,,,,,,,,,,,,,,,,,,,,,,,,,,,,,,,,,,,,,,,
protected_area,,nature_reserve,Terra Indígena Lauro Sodré,Fundação Nacional do Índio,24,terra indígena,25401,Funai,,way/287799870,,,,,,,,,,,,,,,,,,,,,,,,,,,,,,,,,,,,,,,,,
protected_area,,nature_reserve,Terra Indígena Marajai,Fundação Nacional do Índio,24,terra indígena,27001,Funai,,way/287799871,,,,,,,,,,,,,,,,,,,,,,,,,,,,,,,,,,,,,,,,,
protected_area,,nature_reserve,Terra Indígena Meria,Fundação Nacional do Índio,24,terra indígena,28901,Funai,,way/287799872,,,,,,,,,,,,,,,,,,,,,,,,,,,,,,,,,,,,,,,,,
protected_area,,nature_reserve,Terra Indígena Porto Limoeiro,Fundação Nacional do Índio,24,terra indígena,57101,Funai,,way/287799874,,,,,,,,,,,,,,,,,,,,,,,,,,,,,,,,,,,,,,,,,
protected_area,,nature_reserve,Terra Indígena Kaxinawá Colônia Vinte e Sete,Fundação Nacional do Índio,24,terra indígena,22201,Funai,,way/287800864,,,,,,,,,,,,,,,,,,,,,,,,,,,,,,,,,,,,,,,,,
protected_area,,nature_reserve,Terra Indígena Tikuna de Santo Antonio,Fundação Nacional do Índio,24,terra indígena,46801,Funai,,way/287801094,,,,,,,,,,,,,,,,,,,,,,,,,,,,,,,,,,,,,,,,,
protected_area,,nature_reserve,Terra Indígena Tukuna Porto Espiritual,Fundação Nacional do Índio,24,terra indígena,46901,Funai,,way/287801095,,,,,,,,,,,,,,,,,,,,,,,,,,,,,,,,,,,,,,,,,
protected_area,,nature_reserve,Reserva Indígena Aconã,Fundação Nacional do Índio,24,reserva indígena,601,Funai,,way/287981054,,,,,,,,,,,,,,,,,,,,,,,,,,,,,,,,,,,,,,,,,
protected_area,,nature_reserve,Reserva Indígena Fazenda Sítio,Fundação Nacional do Índio,24,reserva indígena,69901,Funai,,way/287981057,,,,,,,,,,,,,,,,,,,,,,,,,,,,,,,,,,,,,,,,,
protected_area,,nature_reserve,Reserva Indígena Geripancó,Fundação Nacional do Índio,24,reserva indígena,19402,Funai,,way/287981058,,,,,,,,,,,,,,,,,,,,,,,,,,,,,,,,,,,,,,,,,
protected_area,,nature_reserve,Reserva Indígena Tingui Botó,Fundação Nacional do Índio,24,reserva indígena,45402,Funai,,way/287981059,,,,,,,,,,,,,,,,,,,,,,,,,,,,,,,,,,,,,,,,,
protected_area,,nature_reserve,Terra Indígena Atikum,Fundação Nacional do Índio,24,terra indígena,4501,Funai,,way/287981061,,,,,,,,,,,,,,,,,,,,,,,,,,,,,,,,,,,,,,,,,
protected_area,,nature_reserve,Terra Indígena Caiçara/Ilha de São Pedro,Fundação Nacional do Índio,24,terra indígena,7901,Funai,,way/287981062,,,,,,,,,,,,,,,,,,,,,,,,,,,,,,,,,,,,,,,,,
protected_area,,nature_reserve,Terra Indígena Córrego João Pereira,Fundação Nacional do Índio,24,terra indígena,10401,Funai,,way/287981063,,,,,,,,,,,,,,,,,,,,,,,,,,,,,,,,,,,,,,,,,
protected_area,,nature_reserve,Terra Indígena Kambiwá,Fundação Nacional do Índio,24,terra indígena,20201,Funai,,way/287981064,,,,,,,,,,,,,,,,,,,,,,,,,,,,,,,,,,,,,,,,,
protected_area,,nature_reserve,Terra Indígena Kantaruré,Fundação Nacional do Índio,24,terra indígena,20801,Funai,,way/287981065,,,,,,,,,,,,,,,,,,,,,,,,,,,,,,,,,,,,,,,,,
protected_area,,nature_reserve,Terra Indígena Kariri-Xocó,Fundação Nacional do Índio,24,terra indígena,21701,Funai,,way/287981066,,,,,,,,,,,,,,,,,,,,,,,,,,,,,,,,,,,,,,,,,
protected_area,,nature_reserve,Terra Indígena Kiriri,Fundação Nacional do Índio,24,terra indígena,23101,Funai,,way/287981067,,,,,,,,,,,,,,,,,,,,,,,,,,,,,,,,,,,,,,,,,
protected_area,,nature_reserve,Terra Indígena Massacara,Fundação Nacional do Índio,24,terra indígena,27601,Funai,,way/287981068,,,,,,,,,,,,,,,,,,,,,,,,,,,,,,,,,,,,,,,,,
protected_area,,nature_reserve,Terra Indígena Ananás,Fundação Nacional do Índio,24,terra indígena,1901,Funai,,way/294263418,,,,,,,,,,,,,,,,,,,,,,,,,,,,,,,,,,,,,,,,,
protected_area,,nature_reserve,Terra Indígena Santa Inez,Fundação Nacional do Índio,24,terra indígena,41201,Funai,,way/294263865,,,,,,,,,,,,,,,,,,,,,,,,,,,,,,,,,,,,,,,,,
protected_area,,nature_reserve,Terra Indígena Queimadas,Fundação Nacional do Índio,24,terra indígena,37501,Funai,,way/294406512,,,,,,,,,,,,,,,,,,,,,,,,,,,,,,,,,,,,,,,,,
protected_area,,nature_reserve,Terra Indígena Capivari,Fundação Nacional do Índio,24,terra indígena,9101,Funai,,way/294407199,,,,,,,,,,,,,,,,,,,,,,,,,,,,,,,,,,,,,,,,,
protected_area,,nature_reserve,Terra Indígena Parati-Mirim,Fundação Nacional do Índio,24,terra indígena,33301,Funai,,way/294407200,,,,,,,,,,,,,,,,,,,,,,,,,,,,,,,,,,,,,,,,,
protected_area,,nature_reserve,Terra Indígena Peruíbe,Fundação Nacional do Índio,24,terra indígena,35001,Funai,,way/294407201,,,,,,,,,,,,,,,,,,,,,,,,,,,,,,,,,,,,,,,,Está correta a geometria?,
protected_area,,nature_reserve,Terra Indígena Carreteiro,Fundação Nacional do Índio,24,terra indígena,9601,Funai,,way/294410576,,,,,,,,,,,,,,,,,,,,,,,,,,,,,,,,,,,,,,,,,
protected_area,,nature_reserve,Terra Indígena Cerrito,Fundação Nacional do Índio,24,terra indígena,9901,Funai,,way/294410577,,,,,,,,,,,,,,,,,,,,,,,,,,,,,,,,,,,,,,,,,
protected_area,,nature_reserve,Terra Indígena Faxinal,Fundação Nacional do Índio,24,terra indígena,12301,Funai,,way/294410578,,,,,,,,,,,,,,,,,,,,,,,,,,,,,,,,,,,,,,,,,
protected_area,,nature_reserve,Terra Indígena Guarani Araponga,Fundação Nacional do Índio,24,terra indígena,14001,Funai,,way/294410579,,,,,,,,,,,,,,,,,,,,,,,,,,,,,,,,,,,,,,,,,
protected_area,,nature_reserve,Terra Indígena Guarani da Barragem,Fundação Nacional do Índio,24,terra indígena,14201,Funai,,way/294410581,,,,,,,,,,,,,,,,,,,,,,,,,,,,,,,,,,,,,,,,,
protected_area,,nature_reserve,Terra Indígena Pacheca,Fundação Nacional do Índio,24,terra indígena,31701,Funai,,way/294410583,,,,,,,,,,,,,,,,,,,,,,,,,,,,,,,,,,,,,,,,,
protected_area,,nature_reserve,Terra Indígena Tibagy/Mococa,Fundação Nacional do Índio,24,terra indígena,45201,Funai,,way/294410584,,,,,,,,,,,,,,,,,,,,,,,,,,,,,,,,,,,,,,,,,
protected_area,,nature_reserve,Terra Indígena Rio das Cobras,Fundação Nacional do Índio,24,terra indígena,39001,Funai,,way/294410809,,,,,,,,,,,,,,,,,,,,,,,,,,,,,,,,,,,,,,,,,
protected_area,,nature_reserve,Terra Indígena Ventarra,Fundação Nacional do Índio,24,terra indígena,49101,Funai,,way/294414294,,,,,,,,,,,,,,,,,,,,,,,,,,,,,,,,,,,,,,,,,
protected_area,,nature_reserve,Terra Indígena Vanuire,Fundação Nacional do Índio,24,terra indígena,48801,Funai,,way/294414310,,,,,,,,,,,,,,,,,,,,,,,,,,,,,,,,,,,,,,,,,
protected_area,,nature_reserve,Terra Indígena Kaingang de Iraí,Fundação Nacional do Índio,24,terra indígena,20101,Funai,,way/294415492,,,,,,,,,,,,,,,,,,,,,,,,,,,,,,,,,,,,,,,,,
protected_area,,nature_reserve,Terra Indígena Krukutu,Fundação Nacional do Índio,24,terra indígena,23601,Funai,,way/294415520,,,,,,,,,,,,,,,,,,,,,,,,,,,,,,,,,,,,,,,,,
protected_area,,nature_reserve,Terra Indígena Laranjinha,Fundação Nacional do Índio,24,terra indígena,25301,Funai,,way/294415536,,,,,,,,,,,,,,,,,,,,,,,,,,,,,,,,,,,,,,,,,
protected_area,,nature_reserve,Terra Indígena Araribá,Fundação Nacional do Índio,24,terra indígena,3501,Funai,,way/294418200,,,,,,,,,,,,,,,,,,,,,,,,,,,,,,,,,,,,,,,,,
protected_area,,nature_reserve,Terra Indígena Karajá de Aruanã I,Fundação Nacional do Índio,24,terra indígena,21001,Funai,,way/294583266,,,,,,,,,,,,,,,,,,,,,,,,,,,,,,,,,,,,,,,,,
protected_area,,nature_reserve,Terra Indígena Carretão II,Fundação Nacional do Índio,24,terra indígena,9501,Funai,,way/294583317,,,,,,,,,,,,,,,,,,,,,,,,,,,,,,,,,,,,,,,,,
protected_area,,nature_reserve,Terra Indígena Carretão I,Fundação Nacional do Índio,24,terra indígena,9401,Funai,,way/294583321,,,,,,,,,,,,,,,,,,,,,,,,,,,,,,,,,,,,,,,,,
protected_area,,nature_reserve,Reserva Indígena Krenrehé,Fundação Nacional do Índio,24,reserva indígena,65801,Funai,,way/294583594,,,,,,,,,,,,,,,,,,,,,,,,,,,,,,,,,,,,,,,,,
protected_area,,nature_reserve,Terra Indígena Estivadinho,Fundação Nacional do Índio,24,terra indígena,11901,Funai,,way/299387484,,,,,,,,,,,,,,,,,,,,,,,,,,,,,,,,,,,,,,,,,
protected_area,,nature_reserve,Terra Indígena Kwazá do Rio São Pedro,Fundação Nacional do Índio,24,terra indígena,24101,Funai,,way/299389938,,,,,,,,,,,,,,,,,,,,,,,,,,,,,,,,,,,,,,,,,
protected_area,,nature_reserve,Terra Indígena Figueiras,Fundação Nacional do Índio,24,terra indígena,12801,Funai,,way/299390016,,,,,,,,,,,,,,,,,,,,,,,,,,,,,,,,,,,,,,,,,
protected_area,,nature_reserve,Terra Indígena Sararé,Fundação Nacional do Índio,24,terra indígena,42101,Funai,,way/299393471,,,,,,,,,,,,,,,,,,,,,,,,,,,,,,,,,,,,,,,,,
protected_area,,nature_reserve,Terra Indígena Santana,Fundação Nacional do Índio,24,terra indígena,41301,Funai,,way/299393818,,,,,,,,,,,,,,,,,,,,,,,,,,,,,,,,,,,,,,,,,
protected_area,,nature_reserve,Terra Indígena Rio Formoso,Fundação Nacional do Índio,24,terra indígena,39301,Funai,,way/299393823,,,,,,,,,,,,,,,,,,,,,,,,,,,,,,,,,,,,,,,,,
protected_area,,nature_reserve,Terra Indígena Rio Omerê,Fundação Nacional do Índio,24,terra indígena,40101,Funai,,way/299393825,,,,,,,,,,,,,,,,,,,,,,,,,,,,,,,,,,,,,,,,,
protected_area,,nature_reserve,Terra Indígena Sucuriy,Fundação Nacional do Índio,24,terra indígena,43401,Funai,,way/314011249,,,,,,,,,,,,,,,,,,,,,,,,,,,,,,,,,,,,,,,,,
protected_area,,nature_reserve,Reserva Indígena Aldeia Limão Verde,Fundação Nacional do Índio,24,reserva indígena,801,Funai,,way/314011525,,,,,,,,,,,,,,,,,,,,,,,,,,,,,,,,,,,,,,,,,
protected_area,,nature_reserve,Terra Indígena Rancho Jacaré,Fundação Nacional do Índio,24,terra indígena,37801,Funai,,way/314013074,,,,,,,,,,,,,,,,,,,,,,,,,,,,,,,,,,,,,,,,,
protected_area,,nature_reserve,Terra Indígena Caarapó,Fundação Nacional do Índio,24,terra indígena,7201,Funai,,way/314015670,,,,,,,,,,,,,,,,,,,,,,,,,,,,,,,,,,,,,,,,,
protected_area,,nature_reserve,Terra Indígena Buritizinho,Fundação Nacional do Índio,24,terra indígena,7101,Funai,,way/314016176,,,,,,,,,,,,,,,,,,,,,,,,,,,,,,,,,,,,,,,,,
protected_area,,nature_reserve,Terra Indígena Jarara,Fundação Nacional do Índio,24,terra indígena,18901,Funai,,way/314021866,,,,,,,,,,,,,,,,,,,,,,,,,,,,,,,,,,,,,,,,,
protected_area,,nature_reserve,Terra Indígena Jaguari,Fundação Nacional do Índio,24,terra indígena,18201,Funai,,way/314021915,,,,,,,,,,,,,,,,,,,,,,,,,,,,,,,,,,,,,,,,,
protected_area,,nature_reserve,Terra Indígena Guasuti,Fundação Nacional do Índio,24,terra indígena,14901,Funai,,way/314022262,,,,,,,,,,,,,,,,,,,,,,,,,,,,,,,,,,,,,,,,,
protected_area,,nature_reserve,Reserva Indígena Dourados,Fundação Nacional do Índio,24,reserva indígena,11101,Funai,,way/314022466,,,,,,,,,,,,,,,,,,,,,,,,,,,,,,,,,,,,,,,,,
protected_area,,reserva_indigena,Terra Indígena Pilad Rebuá,Fundação Nacional do Índio,24,terra indígena,35201,Funai,,way/314023477,,,,,,,,,,,,,,,,,,,,,,,,,,,,,,,,,,,,,,,,,
protected_area,,nature_reserve,Terra Indígena Maxacali,Fundação Nacional do Índio,24,terra indígena,28301,Funai,,way/314025360,,,,,,,,,,,,,,,,,,,,,,,,,,,,,,,,,,,,,,,,,
protected_area,,nature_reserve,Terra Indígena Mata Medonha,Fundação Nacional do Índio,24,terra indígena,28001,Funai,,way/314026284,,,,,,,,,,,,,,,,,,,,,,,,,,,,,,,,,,,,,,,,,
protected_area,,nature_reserve,Reserva Indígena Barra,Fundação Nacional do Índio,24,reserva indígena,5701,Funai,,way/314026624,,,,,,,,,,,,,,,,,,,,,,,,,,,,,,,,,,,,,,,,,
protected_area,,nature_reserve,Terra Indígena Fazenda Guarani,Fundação Nacional do Índio,24,terra indígena,12701,Funai,,way/314032773,,,,,,,,,,,,,,,,,,,,,,,,,,,,,,,,,,,,,,,,,
protected_area,,nature_reserve,Terra Indígena Imbiriba,Fundação Nacional do Índio,24,terra indígena,16803,Funai,,way/314032790,,,,,,,,,,,,,,,,,,,,,,,,,,,,,,,,,,,,,,,,,
protected_area,,nature_reserve,Reserva Indígena Fazenda Bahiana,Fundação Nacional do Índio,24,reserva indígena,12401,Funai,,way/314032797,,,,,,,,,,,,,,,,,,,,,,,,,,,,,,,,,,,,,,,,,
protected_area,,nature_reserve,Terra Indígena Recreio/São Félix,Fundação Nacional do Índio,24,terra indígena,38001,Funai,,way/317872948,,,,,,,,,,,,,,,,,,,,,,,,,,,,,,,,,,,,,,,,,
protected_area,,nature_reserve,Terra Indígena Patauá,Fundação Nacional do Índio,24,terra indígena,33901,Funai,,way/317873036,,,,,,,,,,,,,,,,,,,,,,,,,,,,,,,,,,,,,,,,,
protected_area,,nature_reserve,Terra Indígena Rio Jumas,Fundação Nacional do Índio,24,terra indígena,39601,Funai,,way/317873279,,,,,,,,,,,,,,,,,,,,,,,,,,,,,,,,,,,,,,,,,
protected_area,,nature_reserve,Terra Indígena Fortaleza do Patauá,Fundação Nacional do Índio,24,terra indígena,13001,Funai,,way/317873759,,,,,,,,,,,,,,,,,,,,,,,,,,,,,,,,,,,,,,,,,
protected_area,,nature_reserve,Terra Indígena Itaitinga,Fundação Nacional do Índio,24,terra indígena,17501,Funai,,way/317873760,,,,,,,,,,,,,,,,,,,,,,,,,,,,,,,,,,,,,,,,,
protected_area,,nature_reserve,Terra Indígena Jatuarana,Fundação Nacional do Índio,24,terra indígena,19201,Funai,,way/317874152,,,,,,,,,,,,,,,,,,,,,,,,,,,,,,,,,,,,,,,,,
protected_area,,nature_reserve,Terra Indígena Miguel/Josefa,Fundação Nacional do Índio,24,terra indígena,29101,Funai,,way/317874153,,,,,,,,,,,,,,,,,,,,,,,,,,,,,,,,,,,,,,,,,
protected_area,,nature_reserve,Terra Indígena Padre,Fundação Nacional do Índio,24,terra indígena,31901,Funai,,way/317874312,,,,,,,,,,,,,,,,,,,,,,,,,,,,,,,,,,,,,,,,,
protected_area,,nature_reserve,Terra Indígena Paracuhuba,Fundação Nacional do Índio,24,terra indígena,32801,Funai,,way/317874313,,,,,,,,,,,,,,,,,,,,,,,,,,,,,,,,,,,,,,,,,
protected_area,,nature_reserve,Terra Indígena Geralda Toco Preto,Fundação Nacional do Índio,24,terra indígena,13501,Funai,,way/317876454,,,,,,,,,,,,,,,,,,,,,,,,,,,,,,,,,,,,,,,,,
protected_area,,nature_reserve,Terra Indígena Morro Branco,Fundação Nacional do Índio,24,terra indígena,29501,Funai,,way/317876774,,,,,,,,,,,,,,,,,,,,,,,,,,,,,,,,,,,,,,,,,
protected_area,,nature_reserve,Terra Indígena Paquiçamba,Fundação Nacional do Índio,24,terra indígena,32601,Funai,,way/333037629,,,,,,,,,,,,,,,,,,,,,,,,,,,,,,,,,,,,,,,,,
protected_area,,nature_reserve,Terra Indígena Marrecas,Fundação Nacional do Índio,24,terra indígena,,FUNAI,,way/367643035,,,,,,,,,,,,,,,,,,,,,,,,,,,,,,,,,,,,,,,,,
protected_area,,nature_reserve,Reserva Indígena Sol Nascente,Fundação Nacional do Índio,24,terra indígena,14101,Funai,,way/488575912,,,,,,,,,,,,,,,,,,,,,,,,,,,,,,,,,,,,,,,,,Etnia Guarani Mbya
protected_area,,natural reserve,Terra Indígena Araçá,,24,,,Funai,multtipolygon,way/510227923,,,,,,,,,,,,,,,,,,,,,,,,,,,,,,,,,,,,,,,,,
,,,Toldo Imbu,Fundação Nacional do Índio,24,terra indígena,,Funai,,way/198833587,,,political,Chapecó,III,1965,Memora Dem,45801,2011/06/03 00:00:00,Memo/CGD - Libera peças técnicas,Processo de homologação,Principal,305,481,Kaingang,TI Toldo Imbu,Toldo Imbu,22,,Declarada,Memorando nº 170/CGGEO/2011,974,,,,,,,,,,,,,,,,,,,
,,,Toldo Pinhal,Fundação Nacional do Índio,24,terra indígena,,Funai,,way/198833588,"Arvoredo;Paial;Seara",SC,political,Chapecó,III,4846,Port Decl,35502,2007/04/19 00:00:00,Portaria Declaratória,Planejamento demarcação,Revisão,230,513,Kaingang,TI Toldo Pinhal,Toldo Pinhal,48,2,Declarada,"Portaria n° 795, de 19 de abril de 2007",121,,,,,,,,,,,,,,,,,,,
,,,Terra Indígena Ibirama,Fundação Nacional do Índio,24,terra indígena,15301,Funai,,way/294413909,,,,,,,,,,,,,,,,,,,,regularizada,,,,,,,,,,,,1956,,,,,,,,,
,,,,,,,,,,way/372230028,,,,,,,,,,,,,,,,,,,,,,,,,,,,,,,,,,,,,,,,,
,,,,,,,,,,node/5462057474,,,,,,,,,,,,,,,,,,,,,,,,,,,,,,,,,,,,,,,,,
